smiles,logCMC
CCCCCCCCCCNC(=O)C(O)C(O)C(OC1OC(CO)C(O)C(O)C1O)C(O)CO,0.107027631
CCCC(CCC)COCCOCCOCCOCCOCCOCCO,1.330413773
CCCCCCSCC(O)C(O)C(O)CO,1.079181246
CC(C)(C)CC(C)(C)c1ccc(OCCOCCOCCOCCOCCOCCO)cc1,-0.677780705
CCCCCCCCOCCCCOCC1OC(O)C(O)C(O)C1O,-0.522878745
CCCCCCCCCC[N+](C)(C)C.[Br-],1.832508913
CCCCCCCCCCCCCCOCCOCCOCCOCCOCCOCCOCCOCCO,-2.04793441
CCCCCCCCCCCC(O)N(CCO)CCO,-0.590066877
CC(C)(C)CC(C)(C)c1ccc(OCCOCCOCCOCCOCCO)cc1,-0.823908741
CCCCCC(CCCC)O[C@@H]1O[C@H](CO)[C@@H](O)[C@H](O)[C@H]1O,1.198657087
CCCCCCOCCOCCOCCO,2.0
CCCCCCCCCCCCCC(O)CCO,-1.88941029
CCCCCCCCSC1O[C@H](CO)[C@@H](O)[C@H](O)[C@H]1O,0.92890769
CCCCCCCCCCCCCCCC(=O)O[C@H]1[C@H](O)[C@@H](CO)OC(O)[C@@H]1O,-0.853871964
CCCCCCCCCCCCOCC#CCOCC1OC(O)C(O)C(O)C1O,-1.494850022
CCCCCCCCOCCOCCOCCOCCOCCO,0.959041392
CCCCCCCCCCCCC(O)CCO,-1.886056648
CCCCCCCCCCCCCCCCOCCOCCOCCOCCOCCOCCOCCOCCOCCOCCOCCOCCOCCOCCOCCOCCOCCOCCOCCOCCOCCO,-2.408935393
O=C([O-])C(F)(F)C(F)(F)C(F)(F)C(F)(F)C(F)(F)C(F)(F)C(F)(F)F.[Na+],1.477121255
CCCCCCCCCCCCCCCCOCCOCCOCCOCCOCCOCCOCCOCCOCCO,-2.678815973
CCCCCCCCc1cccc(OCCOCCOCCOCCOCCOCCO)c1,-0.679853714
CCCCCCSC1OC(=O)C(O)C1O,0.826074803
CCCCCCCCc1ccc(OCCO)cc1,-1.305394801
CCCCCCCCOCC(O)C(O)C(O)CO,0.813247301
CCCCCCCCCCCCCC[N+](CCCC)(CCCC)CCCC.[Br-],0.079181246
CCCCCCCCOC1OC(CO)C(O)C(O)C1O,1.39880773
CCCCCCCCCCC(O)CO,-0.749579998
CCCCCCCCc1cccc(OCCOCCOCCO)c1,-1.010105436
CCCCCCCCCCCC(=O)OC[C@@H](O)[C@H]1OC[C@H](O)[C@H]1O,-1.440093375
CC(C)(C)CC(C)(C)c1ccc(OCCOCCOCCOCCOCCOCCOCCOCCO)cc1,-0.552841969
CCCCCCCCCCCCCCCCN(CC(O)CO)CC(O)CO,-1.568636236
CCCCCCCCOC1OC(CO)C(O)C(O)C1N,1.381115081
CC(C)CCCC(C)CCOC1OC(CO)C(OC2OC(CO)C(O)C(O)C2O)C(O)C1O,0.72427587
CCCCCCC(=O)OC[C@H](O)[C@@H](O)[C@H](O)CO,1.255272505
CCCCCCCCCCCCCCCC(=O)NC1CCOC1=O,-3.795880017
CCCCCCCC(=O)OCC(OCCOCCOCCOCCO)C1OCC(OCCOCCOCCOCCOCCO)C1OCCOCCOCCOCCOCCOCCO,-0.286509457
CCCCCCCCC(C)O[C@@H]1O[C@H](CO)[C@@H](O)[C@H](O)[C@H]1O,0.699837726
CCCCCCCCO[C@H]1O[C@H](CO)[C@@H](O)[C@H](O)[C@@H]1O,0.800029359
CCCCCCCCCCCCC/C=C/[C@@H](O)[C@H](CO)NC(C)=O,-2.235077015
CC(C)CCCC(C)CCOC1O[C@H](CO)[C@@H](O[C@H]2O[C@H](CO)[C@@H](O)[C@H](O)[C@H]2O)[C@H](O)[C@H]1O,0.72427587
CCCCCCCCCCCCCCCCN(C)C(=O)C(O)C(O)C(OC1OC(CO)C(O)C(O)C1O)C(O)CO,-2.015472686
CCCCCCCCCCCC[N+](C)(C)C.[Br-],1.204119983
CCCCCCCCCCCCCCCC[n+]1ccccc1.[Br-],-0.193820026
CCCCCCOC[C@H](O)[C@@H](O)[C@H](O)CO,0.973127854
CCCCOC(=O)CC(C(=O)OCCCC)S(=O)(=O)[O-].[Na+],2.301029996
CCCCCCCCCCOCCOCCOCCOCCOCCOCCOCCOCCOCCO,0.112269768
CCCCCCCCC(O)CCO,0.36078269
CCCCCCCCO[C@@H]1O[C@H](CO)[C@H](O)[C@H](O)[C@H]1O,1.198657087
CCCCCCCCCCCC[N+](C)(C)CC.[Br-],1.146128036
OCCOCCOCCOCCOCCOCCSCCC(F)(F)C(F)(F)C(F)(F)C(F)(F)C(F)(F)C(F)(F)F,0.568201724
CCCCCCCCCCCCN(CCCNC(=O)[C@@H](O)[C@H](O)[C@@H](O)[C@@H](O)CO)CCN(CCCCCCCCCCCC)CCCNC(=O)[C@@H](O)[C@H](O)[C@@H](O)[C@@H](O)CO,-2.420216403
O=C([O-])C(F)(F)C(F)(F)C(F)(F)C(F)(F)C(F)(F)C(F)(F)C(F)(F)F.[Li+],1.51851394
CCCCCC(=O)CC(=O)NC1CCOC1=O,0.336459734
CCCCOCCOCCOCCOCCOCCOCCO,2.889861721
CCCCCCCC/C=C\CCCCCCCC(=O)OCC(O)COCC(O)COCC(O)COCC(O)COCC(O)COCC(O)CO,-1.562249437
CCCCCOCC(O)C(O)C(O)CO,1.589949602
CCCCCCCC(=O)OCC1OC(O)C(O)C(O)C1OC1OC(CO)C(O)C(O)C1O,0.419955748
CCCCCCCCCCCCOS(=O)(=O)[O-].[Li+],0.949390007
CCCCCCCC(CCCCCC)SCCC(=O)OCC1(O)C(O)C(O)C(O)C1O,-2.200659451
CCCCCCCCC=CCCCCCCCC(=O)OC1(OC2(CO)OC(CO)C(O)C2O)OC(CO)C(O)C(O)C1O,-2.292429824
CCCCCCCCc1ccc(OCCOCCOCCOCCO)cc1,-0.886056648
CC(C)CCCC(C)CCCC(C)CCOC1OC[C@@H](O)[C@H](O)[C@H]1O,-1.995678626
CCCCCCCCCCCCOCCOCCOCCOCCOCCO,-1.191789027
CC(CCC(=O)N(CCCNC(=O)C(O)C(O)C(O)C(O)CO)CCCNC(=O)C(O)C(O)C(O)C(O)CO)C1CCC2C3CCC4CC(O)CCC4(C)C3CC(O)C12C,0.146128036
CCCCCC(CCCC)OC1OC(CO)C(O)C(O)C1O,1.176091259
CCCCCCCCCCCCCCCCCC(=O)O[C@H]1[C@H](O)[C@@H](CO)OC(O)[C@@H]1O,-0.698970004
CCCCCCCCCCCCNCC(O)OCCOCCOCCOCCO,-0.469800302
CCCCCCCCCCOCCOCCOCCO,-0.220764369
CC(C)CCCC(C)CCOC1O[C@H](CO)[C@@H](O[C@H]2O[C@H](CO)[C@@H](OC3O[C@H](CO)[C@@H](O)[C@H](O)[C@H]3O)[C@H](O)[C@H]2O)[C@H](O)[C@H]1O,0.698970004
CCCCCCCCCCCCOCCOCCOCCOCCOCCOCCOCCOCCOCCO,-1.0
CCCCCCCCCCCCCCCCCC(=O)OCC(O)COCC(O)COCC(O)COCC(O)COCC(O)COCC(O)CO,-1.552841969
CCCC(=O)OC[C@H](O)[C@@H](O)[C@H](O)CO,2.079181246
CCCCCCCCCCCCCCCOCCOCCOCCOCCOCCOCCOCCOCCO,-2.457797218
CCCCCCCC(=O)OCC(OCCOCCO)C1OCC(OCCOCCOCCO)C1OCCOCCO,-0.349692477
CCCCCOC[C@H](O)[C@@H](O)[C@H](O)CO,1.579783597
CCCCCC(=O)OCC(O)C(O)C(O)CO,1.782114148
CCCCC(CCCC)CCOCCOCCOCCOCCOCCOCCOCCOCCOCCO,0.469822016
CCCCCCCCCCCC(=O)OCC(O)COCC(O)COCC(O)COCC(O)COCC(O)COCC(O)COCC(O)COCC(O)COCC(O)COCC(O)CO,-1.549750892
CCCCCCCCCCCC[N+](C)(C)CC(=O)[O-],0.301029996
CCCCCCCCCCCC[NH+]CCO.[Cl-],1.556302501
O=C([O-])C(F)(F)C(F)(F)C(F)(F)C(F)(F)C(F)(F)C(F)(F)C(F)(F)C(F)(F)F.[Li+],0.69019608
CCCCCCCC(=O)OCC(O)C(O)C(O)CO,1.278753601
CCCCCCCCCCCCCCCCCC[n+]1ccccc1.[Cl-],-0.619788758
CCCCCCCCCCCC(O)N(CCOCCOCCOC)CCOCCOCCOC,-0.289882635
CCCCCCCC(=O)OCC(O)C(O)C(OC1OC(CO)C(O)C(O)C1O)C(O)CO,0.439332694
CC(C)(C)CC(C)(C)c1ccc(OCCOCCOCCOCCO)cc1,-0.886056648
CCCCCCCCCCCC(=O)OCC1OC(OCC2OC(OC3(CO)OC(CO)C(O)C3O)C(O)C(O)C2O)C(O)C(O)C1O,-0.022276395
CCCCCCCCCCCC(=O)OCC(O)C(O)C(OC1OC(CO)C(O)C(O)C1O)C(O)CO,-0.369572125
CCCCCCCCCCON(CCOCCOCCOC)CCOCCOCCOC,0.699837726
CC(C)(C)CC(C)(C)c1ccc(OCCOCCO)cc1,-0.886056648
CCCCCCCC/C=C\CCCCCCCC(=O)OC[C@@H](O)[C@H]1OC[C@H](O)[C@H]1O,-1.578396073
CC(C)CCCC(C)CCCC(C)CCOC1O[C@H](CO)[C@@H](O)[C@H](O)[C@H]1O,-2.036212173
CCCCCCCCCCCC[n+]1ccccc1.[I-],0.72427587
CCCCCCCC/C=C\CCCCCCCCN(C)C(=O)C(O)C(O)C(OC1OC(CO)C(O)C(O)C1O)C(O)CO,-1.300000003
CCCCCCCCCCCCCCOCCOCCOCCOCCOCCOCCO,-2.0
CCCCCCCCCCCC(=O)N(C)CC(O)CO,-0.638272164
CCCCCCCCCCCCC(=O)NCCOCCOCCOCCOCCOCCOCCOCCOCCOCCO,-0.124938737
CCCCCCCCCCCCOS(=O)(=O)[O-].[Na+],0.913813852
CCCCCCCCCCCCOCCOCCOCCOCCOCCOCCOCCO,-1.088043811
CCCCCCCCC(O)CO,0.36078269
CCCCCCCC(=O)OCC(OCCOCCOCCOCCOCCOCCO)C1OCC(OCCOCCOCCOCCOCCO)C1OCCOCCOCCOCCO,-0.286509457
CCCCCCCCCCCCC(C(=O)[O-])[n+]1ccccc1,-0.22184875
CCCCCCCCSCC(O)C(O)C(O)CO,0.079181246
CCCCCCCCc1ccc(OCCOCCOCCOCCOCCOCCOCCOCCOCCOCCO)cc1,-0.48148606
CCCCCCCCCCCCCC[N+](C)(C)Cc1ccccc1.[Cl-],0.301029996
CCCCCCCCCCCC[NH2+]CCO.[Cl-],1.653212514
CCCCCCCC/C=C/CCCCCCCC(=O)OCC(OC(=O)CCCCCCC/C=C/CCCCCCCC)C1OCC(O)C1OC(=O)CCCCCCC/C=C/CCCCCCCC,-1.943095149
CCCCCCNC(=O)C(O)C(O)C(OC1OC(CO)C(O)C(O)C1O)C(O)CO,1.919078092
CCCCCCCCCCCCCCN(C)C(=O)C(O)C(O)C(OC1OC(CO)C(O)C(O)C1O)C(O)CO,-1.443697499
CCCCCCCCCCCCOc1ccc(OCC2OC(O)C(O)C(O)C2O)cc1,0.491361694
CCCCCCCCCCCCN(C)CC(O)OCCOCCOCCOCCO,-0.530177984
CCCCCCCCCCCC(=O)OCC1OC(OCC2OC(OCC3OC(OC4(CO)OC(CO)C(O)C4O)C(O)C(O)C3O)C(O)C(O)C2O)C(O)C(O)C1O,0.361727836
CCCCCSC[C@H](O)[C@@H](O)[C@H](O)CO,1.662757832
CCCCCCCCCCCCCC[n+]1ccccc1.[Cl-],0.544068044
CCCCCCCCCCCCNC(C)C(O)OCCOCCOCCOCCO,-0.410050399
CCCCCCCCS(=O)CCCO,1.301029996
CCCCCCCCCCCCOCCOCCOCCO,-1.281913705
CCCCCCCCOCCOCCOCCOCCOCCOCCO,0.997823081
CC(C)(C)CC(C)(C)c1ccc(OCCOCCOCCOCCOCCOCCOCCOCCOCCO)cc1,-0.522878745
CCCCCCCCCCCC[N+](C)(C)CCCS(=O)(=O)[O-],0.477121255
CCCCCCCC(=O)OCC(OCCOCCOCCOCCO)C1OCC(OCCOCCOCCOCCOCCOCCOCCO)C1OCCOCCOCCOCCO,-0.286509457
CCCCCCCCCCCCOC1OC(CO)C(OC2OC(CO)C(O)C(O)C2O)C(O)C1O,-0.688246139
CCCCCCS(=O)CCCCCO,2.255272505
CCCCCCCCCCCCC/C=C/[C@@H](O)[C@@H](N)CO,-3.004364805
CCCCCC(=O)OC[C@H](O)[C@@H](O)[C@H](O)CO,1.0
CCCCCCCCC(=O)OCC(O)C(O)C(O)CO,0.622214023
CCCCCCCCCCOC1OC(CO)C(OC2OC(CO)C(O)C(O)C2O)C(O)C1O,0.301029996
CCCCCCCCCCCCC(=O)NCCOCCOCCOCCOCCOCCOCCO,-0.187086643
CCCCCCOC(=O)CC(C(=O)OCCCCCC)S(=O)(=O)[O-].[Na+],0.146128036
CCCCCCOCC(O)C(O)C(O)CO,0.986771734
CC(CCC(=O)N(CCCNC(=O)C(O)C(O)C(O)C(O)CO)CCCNC(=O)C(O)C(O)C(O)C(O)CO)C1CCC2C3C(O)CC4CC(O)CCC4(C)C3CC(O)C12C,0.462397998
CCCCCCCCCCCCCC[N+](C)(C)CCCS(=O)(=O)[O-],-0.494850022
CCCCCCCCOCC1OC(O)C(O)C(O)C1O,1.079181246
CCCCCCCCCCCOCCOCCOCCOCCOCCOCCOCCOCCO,-0.522878745
CCCCCCCCCCCCCCCCCCN(C)C(=O)C(O)C(O)C(OC1OC(CO)C(O)C(O)C1O)C(O)CO,-2.490644359
O=C([O-])C(F)(F)C(F)(F)C(F)(F)C(F)(F)C(F)(C(F)(F)F)C(F)(F)F.[Na+],1.477121255
CCCCCCCCCC(=O)CC(=O)NC1CCOC1=O,-1.013228266
CCCCCCCCCCOC(=O)CS(=O)(=O)[O-].[Na+],1.342422681
CCCCCCCCCC[N+](C)(C)Cc1ccccc1.[Cl-],1.591064607
CCCCCCCCCCCCN(CCCNC(=O)[C@H](O)[C@@H](O)[C@H](OC1OC(CO)C(O)C(O)C1O)[C@H](O)CO)CCN(CCCCCCCCCCCC)CCCNC(=O)[C@H](O)[C@@H](O)[C@H](OC1OC(CO)C(O)C(O)C1O)[C@H](O)CO,-2.051098239
CCCCCCCCCCCCC(=O)NCCOCCOCCOCCO,-0.292429824
CCCCOCC(O)C(O)C(O)CO,1.782114148
CCCCCCCCc1cccc(OCCOCCOCCOCCOCCOCCOCCOCCO)c1,-0.549750892
CCCCCCCCC(CC)OS(=O)(=O)[O-].CCC[N+](CCC)(CCC)CCC,0.342422681
CCCCCCCCCCCCCC[N+](C)(C)CC(=O)[O-],-0.657577319
CCCCCCCCCCCC(=O)N(C)CC(O)C(O)C(O)CO,-0.443697499
CCCCCCCCCCCC[N+](C)(C)CCCCCCCCCCCC.[Br-],-0.754487332
OCCOCCOCCSCCC(F)(F)C(F)(F)C(F)(F)C(F)(F)C(F)(F)C(F)(F)F,0.397940009
CCCCCCCCc1ccc(OCCOCCOCCO)cc1,-1.01278077
CCCCCCCCc1ccc(OCCOCCOCCOCCOCCOCCOCCOCCOCCO)cc1,-0.522878745
CCCCCCCCCC[N+](C)(C)CCCCCCCCCC.[Br-],0.267171728
CCCCCCCCOCC(O)CO,0.761551989
CCCCCCCCOCCOCCOCCOCCOCCOCCOCCOCCOCCO,1.11058971
CCCCCCCCOC(=O)CS(=O)(=O)[O-].[Na+],1.819543936
CCCCCCCCCC[n+]1ccccc1.[Br-],1.643452676
CCCCCCCCCCCC[N+](C)(C)CCCC.[Br-],0.875061263
CCCCCCCCCCCCCCCC[N+](C)(C)C.[Br-],-0.008773924
CCCCCCC(=O)OCC(O)C(O)C(O)CO,1.0
CCCCCCCCCOC1OC(CO)C(O)C(O)C1N,0.82314806
CCCCCCCCOC(=O)CC(C(=O)OCCCCCCCC)S(=O)(=O)[O-].[Na+],-0.040958608
CCCCCCCCCCOC[C@H](O)[C@@H](O)[C@H](O)CO,-0.092051478
CCCCCCCCCCCCOCCOCCOCCOCCOCCOCCOCCOCCOCCOCCOCCOCCO,-0.850780887
CCCCCCCCCC(=O)N(C)CC(O)C(O)C(OC1OC(CO)C(O)C(O)C1O)C(O)CO,0.51851394
CCCCCCCCCCC[n+]1ccccc1.[Br-],1.322219295
CCCCCCCCS(C)=O,1.361727836
CCCCCCCCCCCCCC[n+]1ccccc1.[Br-],0.431363764
CCCCCCOCCOCCOCCOCCOCCOCCO,1.840106094
CCCCCCCCc1cccc(OCCOCCOCCOCCO)c1,-0.88941029
CC(C)CCCC(C)CCOC1O[C@H](CO)[C@@H](O)[C@H](O)[C@@H]1O,0.602059991
CCCCCCCCc1cccc(OCCOCCOCCOCCOCCOCCOCCOCCOCCOCCO)c1,-0.480172006
CCCCCCCCN(CCCNC(=O)[C@@H](O)[C@H](O)[C@@H](O)[C@@H](O)CO)CCN(CCCCCCCC)CCCNC(=O)[C@@H](O)[C@H](O)[C@@H](O)[C@@H](O)CO,-1.173925197
CCCCCCCCCCCCCCCC(=O)NC(C(=O)[O-])C(C)C.[Na+],0.278753601
CCCCCCCCc1ccc(OCCOCCOCCOCCOCCOCCOCCO)cc1,-0.602059991
CCCCCCCCCCCCCCCC(=O)OCC(O)C(O)C(OC1OC(CO)C(O)C(O)C1O)C(O)CO,-2.119758224
CCCCCCCCCCCCOC1OC(CO)C(O)C(O)C1O,-0.72010502
CCCCCCCCCCCCN(C)C(=O)C(O)C(O)C(O)C(O)CO,-0.8261012
CCCCCCCCCCCCCC[N+](CCC)(CCC)CCC.[Br-],0.322219295
CCCCCCCCCCCCO[C@@H]1O[C@H](CO)[C@H](O)[C@H](O)[C@H]1O,-0.698970004
CCCCCCCCCCCCC(C(=O)OCC)S(=O)(=O)[O-].[Na+],0.352182518
CC(C)CCCC(C)CCCC(C)CCOC1O[C@@H](CO)[C@@H](O[C@H]2O[C@H](CO)[C@H](O)[C@H](O)[C@H]2O)[C@H](O)[C@H]1O,-1.707743929
CCCCCCCCc1cccc(OCCOCCOCCOCCOCCOCCOCCO)c1,-0.600326279
CC(C)(C)CC(C)(C)c1ccc(OCCOCCOCCOCCOCCOCCOCCO)cc1,-0.602059991
CCCCCCCCCCCC[N+](C)(C)CCCC(=O)[O-],0.662757832
CCCCCCCC(=O)OC[C@H](O)[C@@H](O)[C@H](O)CO,0.643452676
CCCCCCCCCCCCS(=O)(=O)[O-].[Na+],1.093421685
CCCCCCCCS(=O)CCO,1.361727836
CCCCSCC(O)C(O)C(O)CO,2.255272505
CCCCCCCCCOCC(O)C(O)C(O)CO,0.311753861
CCCCCCCCCCOC1O[C@H](CO)[C@@H](O[C@H]2O[C@H](CO)[C@@H](O)[C@H](O)[C@H]2O)[C@H](O)[C@H]1O,0.301029996
CCCCCCCCCCCC[N+](C)(C)CCCCCC.[Br-],0.491361694
CCCCCCCCCCCCCC=CC(O)C(CO)NC(=O)CCCCC,-2.30980392
CCCCCCCCCCCCOCCOS(=O)(=O)[O-].[Na+],0.591064607
CC(C)CCCC(C)CCCC(C)CCOC1OC[C@H](O)[C@H](O)[C@H]1O,-2.22184875
CCCCCCCC(=O)OCC(OCCOCCOCCOCCOCCOCCOCCOCCOCCOCCO)C1OCC(OCCOCCOCCOCCOCCOCCOCCOCCOCCOCCOCCOCCOCCOCCOCCOCCO)C1OCCOCCOCCOCCOCCOCCOCCOCCOCCOCCOCCOCCOCCOCCO,0.667452953
CCCCCCCCCCCCC/C=C/[C@@H](O)[C@H](CO)NC(=O)CCCCC,-2.302770657
CCCCCCCCOCC#CCOCC1OC(O)C(O)C(O)C1O,-1.22184875
CCCCCCCCCCCCOCCOCCOS(=O)(=O)[O-].[Na+],0.462397998
CCCCCCCCCC[N+](C)(C)C.[Cl-],1.832508913
CCC(CC)COCCOCCOCCOCCOCCOCCO,1.980003372
CCCCCCCCCCCCN(CCCNC(=O)[C@H](O)[C@@H](O)[C@H](O)[C@@H](O)[C@@H](O)CO)CCN(CCCCCCCCCCCC)CCCNC(=O)[C@H](O)[C@@H](O)[C@H](O)[C@@H](O)[C@@H](O)CO,-2.283996656
CCCCCCS(=O)CCCCO,2.322219295
CCCCCCCCN(CCCNC(=O)[C@H](O)[C@@H](O)[C@H](OC1OC(CO)C(O)C(O)C1O)[C@H](O)CO)CCN(CCCCCCCC)CCCNC(=O)[C@H](O)[C@@H](O)[C@H](OC1OC(CO)C(O)C(O)C1O)[C@H](O)CO,-0.886056648
CCCCCCCCOCCOCCOCCOCCO,0.903089987
CCCCCCCCCCCC(=O)NC1CCOC1=O,-2.397940009
CCCCCCCCCCCC(O)N(CCOCCOCCOCCOC)CCOCCOCCOCCOC,-0.610833916
CCCCCCCCCCCCC(C(=O)OCCCC)S(=O)(=O)[O-].[Na+],0.130333768
CCCCCCCCCCCCO[C@H]1O[C@H](CO)[C@@H](O)[C@H](O)[C@@H]1O,-1.300162274
CCCCCCCCCCCC(=O)OCC1OC(O)C(O)C(O)C1OC1OC(CO)C(O)C(O)C1O,-0.369572125
CC(C)CCCC(C)CCCC(C)CCOC1O[C@H](CO)[C@@H](O)[C@H](O)[C@@H]1O,-2.387216143
CCCCCCCCCCCCCCC(C(=O)OC)S(=O)(=O)[O-].[Na+],-0.13667714
CCCCCCS(=O)CCCO,2.397940009
CC(C)CCCC(C)CCCC(C)CCOC1OC(CO)C(O)C(O)C1O,-1.669586227
CCCCCCOCCOCCOCCOCCOCCO,2.053078443
CCCCCCCCCCCCOCCCCOCC1OC(O)C(O)C(O)C1O,-1.638272164
OC[C@H]1O[C@H](O[C@H]2[C@H](O)[C@@H](O)[C@H](OCCCCCCC3CCCCC3)O[C@@H]2CO)[C@H](O)[C@@H](O)[C@@H]1O,-0.250263684
CCCCCCCOC[C@H](O)[C@@H](O)[C@H](O)CO,0.963787827
CCCCCCCCCCOCCOCCOCCOCCOCCOCCOCCOCCO,0.0
CCCCCCCC(=O)NC1C(O)OC(CO)C(O)C1O,1.653212514
CCCCCCCCCCCCOCCOCCO,-1.480828536
CCCCCCCCCCCC[n+]1ccccc1.[Cl-],1.230448921
CCCCCCCCCCO[C@H]1O[C@H](CO)[C@@H](O)[C@H](O)[C@@H]1O,-0.600326279
CCCCCCCCCCCCCCCCOCCOCCOCCOCCOCCOCCOCCO,-2.769551079
CCCCCCCCCCCC[N+](C)(C)C.[Cl-],1.301029996
CCCCCCCC(CC)OC1OC(CO)C(O)C(O)C1O,0.929418926
CCCCCCCCCCC(C(=O)[O-])[n+]1ccccc1,0.716003344
CCCCCCCCCCCCCC=CC(O)C(CO)NC(C)=O,-2.22184875
CCCCCCCCCCOC1O[C@H](CO)[C@@H](O)[C@H](O)[C@@H]1O,0.342422681
CCCCCCCCOCCOCCOCCOCCOCCOCCOCCOCCO,1.113943352
CCCCSC[C@H](O)[C@@H](O)[C@H](O)CO,2.255272505
OCCOCCOCCOCCSCCC(F)(F)C(F)(F)C(F)(F)C(F)(F)C(F)(F)C(F)(F)F,0.447158031
CCCCCCCCCCOCCOCCOCCOCCOCCO,-0.091514981
CCCCC(=O)OCC(O)C(O)C(O)CO,2.089905111
CCCCCCOCCOCCOCCOCCO,2.025305865
CCCCCCCCOCCOCCOCCO,0.872447648
OCCOCCOCCOCCOCCOCCOCCOCCSCCC(F)(F)C(F)(F)C(F)(F)C(F)(F)C(F)(F)C(F)(F)F,0.681241237
CCCCCCCC(CC)O[C@@H]1O[C@H](CO)[C@@H](O)[C@H](O)[C@H]1O,0.899820502
CCCCCCCCCCOC1OC(CO)C(O)C(O)C1O,0.321184027
CCCCCCCCCCCC(=O)OCC1(OC2OC(CO)C(O)C(O)C2O)OC(O)C(O)C1O,-0.469800302
CCCCCCCCCC[N+](C)(C)CC(=O)[O-],1.255272505
CCCCCCCCc1ccc(OCCOCCO)cc1,-1.11577123
CCCCCCCCCCCCCCN(C)C(=O)C(O)C(O)C(O)C(O)CO,-1.609781681
O=S(=O)([O-])C(F)(F)C(F)(F)C(F)(F)C(F)(F)C(F)(F)C(F)(F)C(F)(F)C(F)(F)F.[Li+],0.799340549
CCCCCCCCCCCCOCCOCCOCCOCCOCCOCCO,-1.060231224
CCCCCCCC(=O)OCC(OCCOCCOCCOCCOCCOCCOCCOCCOCCOCCOCCOCCOCCO)C1OCC(OCCOCCOCCOCCOCCOCCOCCOCCOCCOCCOCCOCCOCCOCCOCCOCCO)C1OCCOCCOCCOCCOCCOCCOCCOCCOCCOCCOCCO,0.667452953
CCCCCCCC/C=C\CCCCCCCC(=O)OCC(O)COCC(O)COCC(O)COCC(O)COCC(O)COCC(O)COCC(O)COCC(O)COCC(O)COCC(O)CO,-1.675717545
CCCCCCCCCCN(C)C(=O)C(O)C(O)C(OC1OC(CO)C(O)C(O)C1O)C(O)CO,0.381285373
CCCCCCCCCCCCC[n+]1ccccc1.[Br-],0.72427587
CCCCCCCCCCCCCCCCOCCOCCOCCOCCOCCOCCOCCOCCOCCOCCOCCOCCOCCOCCOCCO,-2.508638306
CC(C)CCCC(C)CCOC1OC(CO)C(OC2OC(CO)C(OC3OC(CO)C(O)C(O)C3O)C(O)C2O)C(O)C1O,0.699404082
CCCCCCCCc1cccc(OCCO)c1,-1.30980392
CCCCCCCCCCCCS(=O)(=O)[O-].[Li+],1.041392685
CCCCCCCCCCCCCOCCOCCOCCOCCOCCOCCOCCOCCO,-1.569441231
CCCCCCCCCCCCCC[N+](C)(C)C.[Cl-],0.653212514
CCCCCCCCOC(CO)CO,0.763427994
CCCCCCCCCC(=O)N(C)CC(O)C(O)C(O)C(O)CO,0.813233062
