SMILES,True_Value,Predicted_Value,Set,Absolute_Error,Relative_Error
CCCCCCCCCCCCC(=O)N(CCOCCOCCOCCOCCOCCOCCO)CCN(CCOCCOCCOCCOCCOCCOCCO)C(=O)CCCCCCCCCCCC,-1.22184875,-0.39377296,Test,0.8280757902908324,0.6777236464749279
CCCCCCCCOCC1OC(O)C(O)C(O)C1O,1.079181246,0.35102543,Test,0.7281558136517488,0.6747298624310496
CCCCCCCCCCO[C@H]1O[C@H](CO)[C@@H](O)[C@H](O)[C@@H]1O,-0.600326279,0.10542881,Test,0.7057550864374199,1.175619177646261
CC(C)COCCOCCOCCOCCOCCOCCO,2.949877704,2.2649078,Test,0.6849698670859374,0.23220280154567977
CCCCCCCCOCCCCOCC1OC(O)C(O)C(O)C1O,-0.522878745,0.15659282,Test,0.6794715611144256,1.299482083775323
CC(C)CCCC(C)CCCC(C)CCOC1OC[C@@H](O)[C@@H](O)[C@@H]1O,-2.431798276,-1.8526165,Train,0.5791817274617919,0.23817013655198097
CCCCCCCC/C=C\CCCCCCCC(=O)OC[C@@H](O)[C@H]1OC[C@H](O)[C@H]1O,-1.578396073,-2.140234,Test,0.5618379205302735,0.35595496601965604
CCCCCCCC(=O)OCC(O)C(O)C(O)CO,1.278753601,0.7414766,Train,0.5372770055982361,0.420156787967658
CCCCCC(=O)OCC(O)C(O)C(O)CO,1.782114148,1.2618233,Train,0.520290851453064,0.2919514734995886
CCCCCC(CCCC)O[C@@H]1O[C@H](CO)[C@@H](O)[C@H](O)[C@H]1O,1.198657087,0.69641894,Test,0.5022381459790344,0.4190006895433593
CCCCCCCCS(C)=O,1.361727836,0.8609634,Test,0.5007644318213806,0.3677419368119465
CCCCCCCCCCCC(=O)OCC(O)COCC(O)COCC(O)COCC(O)COCC(O)COCC(O)COCC(O)COCC(O)COCC(O)COCC(O)CO,-1.549750892,-1.052347,Train,0.4974039471910401,0.3209573549908562
CCCCCCCCSCC(O)C(O)C(O)CO,0.079181246,0.57080764,Test,0.4916263897841492,6.2088741289086204
CC(C)CCCC(C)CCCC(C)CCOC1O[C@H](CO)[C@@H](O)[C@H](O)[C@H]1O,-2.036212173,-1.550886,Test,0.4853261380344849,0.238347528057178
CC(C)CCCC(C)CCCC(C)CCOC1OCC(O)C(O)C1O,-2.314258261,-1.8321126,Test,0.48214571026452635,0.20833703756822253
CCCCCCCCCCCCCCCC(=O)NC1CCOC1=O,-3.795880017,-3.324507,Train,0.4713730189378662,0.12418016818940623
CCCCCCCCCCCC(=O)OCC(O)COCC(O)COCC(O)COCC(O)CO,-1.402304814,-0.9614196,Train,0.4408852316330567,0.31440042652029054
CCCCSC[C@H](O)[C@@H](O)[C@H](O)CO,2.255272505,1.8187736,Test,0.43649887771881124,0.19354595808315023
CCCCCCCC/C=C\CCCCCCCC(=O)OCC(O)COCC(O)COCC(O)COCC(O)COCC(O)COCC(O)COCC(O)COCC(O)COCC(O)COCC(O)CO,-1.675717545,-1.2478687,Train,0.42784888788787834,0.2553227953985994
CCCCCCCCCCCC(=O)OCC(O)COCC(O)COCC(O)COCC(O)COCC(O)COCC(O)CO,-1.446116973,-1.0418756,Test,0.40424137218518075,0.2795357358586101
CCCCCCCCOC1O[C@H](CO)[C@@H](O)[C@H](O)[C@@H]1O,1.397940009,0.99905115,Train,0.3988888553401795,0.28534046723901973
CCCCC(=O)OCC(O)C(O)C(O)CO,2.089905111,1.6939375,Train,0.3959675709456789,0.18946676997991171
CCCCCCCCCCCCN(CCCNC(=O)[C@H](O)[C@@H](O)[C@H](OC1OC(CO)C(O)C(O)C1O)[C@H](O)CO)CCN(CCCCCCCCCCCC)CCCNC(=O)[C@H](O)[C@@H](O)[C@H](OC1OC(CO)C(O)C(O)C1O)[C@H](O)CO,-2.051098239,-1.6770896,Train,0.37400866704718005,0.18234556489577294
CCCCCCNC(=O)C(O)C(O)C(OC1OC(CO)C(O)C(O)C1O)C(O)CO,1.919078092,1.5457444,Train,0.3733336729020995,0.19453803076508652
CCCCCCCCCCCCCCCCCCN(C)C(=O)C(O)C(O)C(OC1OC(CO)C(O)C(O)C1O)C(O)CO,-2.490644359,-2.123486,Train,0.36715831697729495,0.14741499148626339
CC(C)CCCC(C)CCCC(C)CCOC1OC[C@H](O)[C@H](O)[C@H]1O,-2.22184875,-1.8602479,Train,0.3616008995819091,0.16274775660670382
CCCCCCCCCCCCN(CCCNC(=O)[C@@H](O)[C@H](O)[C@@H](O)[C@@H](O)CO)CCN(CCCCCCCCCCCC)CCCNC(=O)[C@@H](O)[C@H](O)[C@@H](O)[C@@H](O)CO,-2.420216403,-2.0590878,Train,0.3611286497041015,0.14921337168711915
CCCCCCC(=O)OC[C@H](O)[C@@H](O)[C@H](O)CO,1.255272505,0.89454955,Train,0.36072295637405394,0.2873662530942267
CCCCCCCCOCC#CCOCC1OC(O)C(O)C(O)C1O,-1.22184875,-0.86137134,Train,0.36047741163253777,0.2950262146869961
CC(C)CCCC(C)CCCC(C)CCOC1OC[C@@H](O)[C@H](O)[C@@H]1O,-1.517126416,-1.8492775,Train,0.33215108033789065,0.2189343464295006
CCCCCCCC/C=C\CCCCCCCC(=O)OCC(O)COCC(O)COCC(O)COCC(O)COCC(O)COCC(O)CO,-1.562249437,-1.2307935,Train,0.33145596089526363,0.2121658379546362
CCCCCCS(=O)CCO,2.397940009,2.068205,Train,0.32973489082067875,0.13750756465262295
CCCCCCCC/C=C\CCCCCCCC(=O)OCC(O)COCC(O)COCC(O)COCC(O)CO,-1.484126156,-1.1772742,Train,0.3068519288576661,0.20675596048026668
CCCCCCCCCCCC(O)N(CCOCCOCCOCCOC)CCOCCOCCOCCOC,-0.610833916,-0.30403772,Train,0.30679619603501895,0.5022579591586053
CCCCCCCCCCCC(=O)O[C@H]1[C@H](O)[C@@H](CO)OC(O)[C@@H]1O,-0.638272164,-0.3315822,Test,0.30668997539373777,0.48050031427304696
CCCCSCC(O)C(O)C(O)CO,2.255272505,1.95229,Train,0.3029824468640139,0.13434405207898095
CCCCCCCCC=CCCCCCCCCN(C)C(=O)C(O)C(O)C(OC1OC(CO)C(O)C(O)C1O)C(O)CO,-1.26760624,-1.5680419,Train,0.30043568066192616,0.2370102569563922
CCCCCCCC(=O)NC1C(O)OC(CO)C(O)C1O,1.653212514,1.3556137,Test,0.29759880550390627,0.1800124321487602
CCCCOCCOCCOCCOCCOCCOCCO,2.889861721,2.592791,Train,0.2970706405251464,0.10279752777317971
CCCCCCCCOC[C@H](O)[C@@H](O)[C@H](O)CO,0.826074803,0.5327092,Train,0.2933656216912537,0.35513202996370014
CCCCCCCCCCCCO[C@H]1O[C@H](CO)[C@@H](O)[C@H](O)[C@@H]1O,-1.300162274,-1.0074061,Train,0.2927561584680787,0.2251689380029486
CCCCCCCCCCCCCCCC(=O)OCC(O)C(O)C(OC1OC(CO)C(O)C(O)C1O)C(O)CO,-2.119758224,-1.8326274,Train,0.28713080834295646,0.13545450848688698
CCCCCCS(=O)CCCO,2.397940009,2.1113076,Train,0.2866323879978028,0.11953276016998254
CCCCCCCCCCCCCCCOCCOCCOCCOCCOCCOCCOCCOCCO,-2.457797218,-2.1723075,Train,0.2854897266975098,0.1161567458074606
CCCCCCCCCCCCCCCCOCCOCCOCCOCCOCCOCCO,-2.779891912,-2.4965286,Test,0.2833632865117188,0.10193320297401506
CCCCCCCCCCCC(=O)N(C)CC(O)C(O)C(O)CO,-0.443697499,-0.16139166,Test,0.28230583842890167,0.6362574480702711
CCCCCCCCCCCCCCCCOCCOCCOCCOCCOCCOCCOCCO,-2.769551079,-2.4965854,Train,0.27296570988989277,0.09855955066495914
CCCCCCCCCCCCCCCCOCCOCCOCCOCCOCCOCCOCCOCCOCCOCCOCCOCCO,-2.63921731,-2.3672788,Train,0.2719384956842039,0.10303755384364463
CCCCCSC[C@H](O)[C@@H](O)[C@H](O)CO,1.662757832,1.3957171,Train,0.2670406879875489,0.1606010706119163
CCCC(=O)OC[C@H](O)[C@@H](O)[C@H](O)CO,2.079181246,1.8137324,Train,0.2654488603646241,0.12766989932950948
CC(CCC(=O)N(CCCNC(=O)C(O)C(O)C(O)C(O)CO)CCCNC(=O)C(O)C(O)C(O)C(O)CO)C1CCC2C3C(O)CC4CC(O)CCC4(C)C3CC(O)C12C,0.462397998,0.19886844,Train,0.26352955939850614,0.5699193347253769
CCCCCCCCCCCCCCCC(=O)OCC1OC(O)C(O)C(O)C1OC1OC(CO)C(O)C(O)C1O,-2.019996628,-1.7597836,Train,0.26021300239727774,0.12881853305612437
CC(C)CCCC(C)CCCC(C)CCOC1O[C@@H](CO)[C@@H](O[C@H]2O[C@H](CO)[C@H](O)[C@H](O)[C@H]2O)[C@H](O)[C@H]1O,-1.707743929,-1.4512368,Train,0.2565070849371949,0.15020231112014387
CCCCCCS(=O)CCCCO,2.322219295,2.0698638,Train,0.25235549876586916,0.10866996898579691
CCCCCCCCCCCCOc1ccc(OCC2OC(O)C(O)C(O)C2O)cc1,0.491361694,0.23986374,Train,0.2514979555823746,0.5118387506665805
CCCCOCCO,2.989894564,2.7434416,Train,0.24645298227392587,0.08242865325130772
CCCCCCCCN(CCCNC(=O)[C@H](O)[C@@H](O)[C@H](OC1OC(CO)C(O)C(O)C1O)[C@H](O)CO)CCN(CCCCCCCC)CCCNC(=O)[C@H](O)[C@@H](O)[C@H](OC1OC(CO)C(O)C(O)C1O)[C@H](O)CO,-0.886056648,-0.64081436,Train,0.24524228404354853,0.2767794639283024
CCCCCCCCCCCCCCCCOCCOCCOCCOCCOCCOCCOCCOCCOCCOCCOCCOCCOCCOCCOCCOCCOCCOCCOCCOCCOCCO,-2.408935393,-2.175979,Train,0.23295649399792495,0.09670516472748131
CCCCCCCCCCCCCCCCOCCOCCOCCOCCOCCOCCOCCOCCOCCO,-2.678815973,-2.4462461,Train,0.23256982584423813,0.08681814211514638
CCCCCCSC1OC(=O)C(O)C1O,0.826074803,0.59530795,Train,0.23076685679486086,0.27935346285445395
CCCCCCCCCCCCN(CCCNC(=O)[C@H](O)[C@@H](O)[C@H](O)[C@@H](O)[C@@H](O)CO)CCN(CCCCCCCCCCCC)CCCNC(=O)[C@H](O)[C@@H](O)[C@H](O)[C@@H](O)[C@@H](O)CO,-2.283996656,-2.0535169,Train,0.23047979122338846,0.1009107393471545
CCCCCCCCCCCCCC=CC(O)C(CO)NC(=O)CCCCC,-2.30980392,-2.0869184,Test,0.22288556596557596,0.09649544882821741
CCCCCCCCCCO[C@@H]1O[C@H](CO)[C@H](O)[C@H](O)[C@H]1O,-0.100179498,0.121537045,Train,0.22171654264435578,2.213192789649992
CCCCCCC(CCC)O[C@@H]1O[C@H](CO)[C@@H](O)[C@H](O)[C@H]1O,1.100370545,0.8818373,Train,0.21853323659317025,0.19859967861387115
CCCCCCCCCCCCOCCOCCO,-1.480828536,-1.2662042,Train,0.21462429806207273,0.1449352797061933
CCCCCOCC(O)C(O)C(O)CO,1.589949602,1.3864014,Train,0.20354818712878409,0.1280217856419729
CCCCCCCCOCC(O)C(O)C(O)CO,0.813247301,0.61038405,Train,0.2028632539685974,0.2494484195879273
CCCCCCCCCCCCCCCCOCCOCCOCCOCCOCCOCCOCCOCCOCCOCCOCCOCCOCCOCCOCCO,-2.508638306,-2.306491,Train,0.2021474078676757,0.08058053143181004
CCCCCCCCC=CCCCCCCCC(=O)NCCOC1OC(CO)C(OC2OC(CO)C(O)C(O)C2O)C(O)C1O,-1.045757491,-1.2464682,Train,0.20071069537847896,0.1919285275083714
CCCCCCCCCCCCCCCCCC(=O)OCC(O)COCC(O)COCC(O)COCC(O)CO,-1.649751982,-1.4503322,Train,0.19941981723559565,0.12087866504263164
CCCCCCCCCCSCC(O)C(O)C(O)CO,-0.397940009,-0.2054303,Test,0.1925097099563446,0.4837656571404073
CCCCCCCCN(CCCNC(=O)[C@@H](O)[C@H](O)[C@@H](O)[C@@H](O)CO)CCN(CCCCCCCC)CCCNC(=O)[C@@H](O)[C@H](O)[C@@H](O)[C@@H](O)CO,-1.173925197,-0.9838082,Train,0.19011697756716917,0.16194982274255518
CCCCCCCC(=O)N(C)CC(O)C(O)C(O)C(O)CO,1.819858798,1.6302114,Train,0.1896474446979981,0.10420997766772788
CCCCCCCCOCCOCCOCCO,0.872447648,0.68667465,Train,0.1857729935162048,0.21293311288312947
CCCCCCCC(=O)OCC(OCCOCCOCCOCCOCCOCCO)C1OCC(OCCOCCOCCOCCOCCO)C1OCCOCCOCCOCCO,-0.286509457,-0.10596134,Train,0.180548119314415,0.6301646067983543
CCCCCCCCCCOC1O[C@H](CO)[C@@H](O)[C@H](O)[C@@H]1O,0.342422681,0.16373102,Train,0.17869165733075715,0.5218452726580841
CCCCCCCCCCCCCCOCCOCCOCCOCCOCCOCCOCCOCCO,-2.04793441,-1.8695132,Train,0.17842125597015368,0.08712254411026459
CCCCCCS(=O)CCCCCO,2.255272505,2.0778277,Train,0.17744481296813985,0.07867998770647001
CCCCC(=O)OC[C@H](O)[C@@H](O)[C@H](O)CO,1.762678564,1.5861192,Test,0.1765593890427246,0.10016539183528904
CCCCCCCCCOC1O[C@H](CO)[C@@H](O)[C@H](O)[C@@H]1O,0.812913357,0.63675785,Test,0.17615550635302735,0.2166965333219729
CCCCCCCCCOC1OC(CO)C(O)C(O)C1O,0.838849091,0.66306895,Test,0.17578014082376103,0.20954918198005298
CCCCCCCCCCCCC(O)CCO,-1.886056648,-1.7117918,Train,0.17426489423107916,0.09239642638298909
CCCCCCCCCCCCOC1OC(CO)C(O)C(O)C1O,-0.72010502,-0.8915849,Train,0.1714798531994629,0.2381317286185047
CCCCCCOCCOCCOCCO,2.0,1.8288549,Train,0.17114508152008057,0.08557254076004028
CCCCCCCCCCN(C)C(=O)C(O)C(O)C(OC1OC(CO)C(O)C(O)C1O)C(O)CO,0.381285373,0.21024117,Test,0.17104420426258848,0.44859891402807234
CCCCCCCC(=O)OCC(OCCOCCOCCOCCO)C1OCC(OCCOCCOCCOCCOCCO)C1OCCOCCOCCOCCOCCOCCO,-0.286509457,-0.117063016,Test,0.16944644130061343,0.5914165733824744
CCCCCCCCS(=O)CCO,1.361727836,1.1947651,Train,0.1669627450576172,0.1226109510605739
CCCCCCCC(=O)OCC(OCCOCCOCCOCCO)C1OCC(OCCOCCOCCOCCOCCOCCOCCO)C1OCCOCCOCCOCCO,-0.286509457,-0.1199654,Train,0.16654406017850115,0.5812864326447037
CCCCCCCCCCCCOCCCCOCC1OC(O)C(O)C(O)C1O,-1.638272164,-1.4772835,Train,0.16098868621679685,0.09826736347868317
CCCCCCCC(=O)NC1OC(CO)C(O)C(O)C1O,1.84509804,1.6842337,Train,0.1608643745336915,0.087184730050275
CCCCCC(=O)OC[C@H](O)[C@@H](O)[C@H](O)CO,1.0,1.1552985,Train,0.15529847145080566,0.15529847145080566
CCCCCCCCc1ccc(OCCOCCOCCOCCOCCOCCOCCOCCOCCO)cc1,-0.522878745,-0.36957568,Train,0.1533030656977844,0.2931904713353464
CC(C)CCCC(C)CCCC(C)CCOC1OC(CO)C(O)C(O)C1O,-1.669586227,-1.5177196,Train,0.15186660057330315,0.0909606213308222
CCCCCCCCOC(CO)CO,0.763427994,0.613975,Test,0.14945300553945928,0.1957656867629343
CCCCCCCCc1ccc(OCCOCCOCCOCCOCCOCCOCCOCCO)cc1,-0.552841969,-0.4039305,Train,0.14891148375143437,0.2693563298401362
CCCCCSCC(O)C(O)C(O)CO,1.662757832,1.5145383,Train,0.14821954388354497,0.08914078829222136
CCCCCCCCCCCCCCOCCOCCOCCOCCOCCOCCO,-2.0,-1.8523815,Train,0.14761853218078613,0.07380926609039307
CC(C)(C)CC(C)(C)c1ccc(OCCOCCOCCO)cc1,-1.013228266,-0.8678537,Train,0.1453745648853455,0.14347661801743053
CCCCCCCCCCCCOCCOCCOCCOCCO,-1.191789027,-1.047018,Train,0.14477097585253906,0.12147366066707296
CCCCCCCCCCCCCOCCOCCOCCOCCOCCO,-1.30980392,-1.4537222,Train,0.1439183185406494,0.1098777582988524
CCCCCCCCc1ccc(OCCOCCOCCOCCOCCOCCOCCO)cc1,-0.602059991,-0.459965,Test,0.14209500038415523,0.23601468708814308
CCCCCCCCCCCC(=O)OCC1OC(OCC2OC(OCC3OC(OC4(CO)OC(CO)C(O)C4O)C(O)C(O)C3O)C(O)C(O)C2O)C(O)C(O)C1O,0.361727836,0.21989034,Train,0.14183749483731845,0.39211108662734606
CCCCCCCCCCCCOCCOCCOCCOCCOCCO,-1.191789027,-1.0499963,Train,0.1417927701716919,0.11897472367958956
CCCCCCCCCCCCNCC(O)OCCOCCOCCOCCO,-0.469800302,-0.3285617,Test,0.1412386085700531,0.3006354145980372
CC(C)CCCC(C)CCCC(C)CCOC1OC[C@@H](O)[C@H](O)[C@H]1O,-1.995678626,-1.8545477,Train,0.14113088697106924,0.07071824347487361
OCCOCCOCCSCCC(F)(F)C(F)(F)C(F)(F)C(F)(F)C(F)(F)C(F)(F)F,0.397940009,0.25759882,Test,0.14034119165151976,0.3526692176647153
CCCCCCOC[C@H](O)[C@@H](O)[C@H](O)CO,0.973127854,1.1121461,Test,0.13901828514489745,0.14285716370512752
CCCCCCCCCCCCNC1C(CO)OC(OC(C(O)CO)C(O)C(O)CO)C(O)C1O,-0.219682688,-0.35860074,Train,0.1389180476643677,0.6323577380133281
CCCCCCCCCCCCOCC#CCOCC1OC(O)C(O)C(O)C1O,-1.494850022,-1.3562893,Test,0.13856075446002203,0.09269207774746384
CCCCCCCOC[C@H](O)[C@@H](O)[C@H](O)CO,0.963787827,0.8259488,Train,0.13783905218539427,0.14301804642464558
CCCCCCCCCCCC(=O)OCC1(OC2OC(CO)C(O)C(O)C2O)OC(O)C(O)C1O,-0.469800302,-0.6070321,Test,0.13723181822781372,0.29210670500551045
CCCCCCCCc1ccc(OCCOCCOCCOCCOCCOCCOCCOCCOCCOCCO)cc1,-0.48148606,-0.345398,Test,0.13608805117660522,0.2826417262767799
CC(C)(C)CC(C)(C)c1ccc(OCCOCCOCCOCCOCCOCCOCCOCCOCCO)cc1,-0.522878745,-0.38882983,Train,0.1340489176913452,0.25636711947689744
CCCCCCCCc1ccc(OCCO)cc1,-1.305394801,-1.1721232,Train,0.13327160725915532,0.1020929508506257
CCCCCCCCCCSC1OC(=O)C(O)C1O,-1.48148606,-1.3483334,Train,0.1331527012353515,0.08987779556653507
CCCCCCCCCC(=O)OCC(O)C(O)C(O)CO,0.278753601,0.1489346,Train,0.12981899826257326,0.4657123631653937
CCCCCCOCCOCCOCCOCCOCCO,2.053078443,1.924296,Train,0.12878242153851316,0.06272649833599814
OC[C@H]1O[C@H](O[C@H]2[C@H](O)[C@@H](O)[C@H](OCCCCCCC3CCCCC3)O[C@@H]2CO)[C@H](O)[C@@H](O)[C@@H]1O,-0.250263684,-0.12309578,Train,0.12716790338896178,0.5081356645775333
CCCCCCCCCCCC(=O)OCC(O)C(O)C(OC1OC(CO)C(O)C(O)C1O)C(O)CO,-0.369572125,-0.4965637,Train,0.1269915778217316,0.34361784677816704
CC(C)(C)CC(C)(C)c1ccc(OCCOCCOCCOCCOCCO)cc1,-0.823908741,-0.6980084,Train,0.12590032291680908,0.15280857776068804
CCCCCCCCOCCOCCOCCOCCO,0.903089987,0.77735865,Train,0.12573133583880614,0.13922348564230747
CCCCCCOCCOCCOCCOCCO,2.025305865,1.899617,Train,0.12568890828918455,0.06205922298515862
CCCCCCCCCCOC1OC(CO)C(O)C(O)C1O,0.321184027,0.1955256,Train,0.12565842549376677,0.3912349772417754
CCCCCCCCCCCCOCCOCCOCCO,-1.281913705,-1.1578367,Train,0.12407702935607912,0.09679046949270202
CCCCCCCCCCCCC(=O)NCCOCCOCCOCCO,-0.292429824,-0.4162634,Train,0.1238335775083313,0.4234642548235138
CCCCCCCCc1cccc(OCCO)c1,-1.30980392,-1.1879897,Train,0.1218142082385254,0.09300186568270875
CCCCCCC(CCC)OC1OC(CO)C(O)C(O)C1O,1.079181246,0.95738155,Train,0.12179969950265512,0.11286306165355205
CC(C)(C)CC(C)(C)c1ccc(OCCOCCOCCOCCOCCOCCOCCOCCO)cc1,-0.552841969,-0.43219244,Train,0.12064952419866948,0.21823510327355314
CCCCCCCCC(O)CCO,0.36078269,0.2417699,Train,0.1190127950424576,0.32987390565344915
CC(C)(C)CC(C)(C)c1ccc(OCCOCCOCCOCCOCCOCCOCCOCCOCCOCCO)cc1,-0.48148606,-0.3629735,Train,0.11851254878097534,0.24613910687461094
CCCCCCCCc1ccc(OCCOCCOCCOCCOCCOCCO)cc1,-0.677780705,-0.559649,Train,0.11813171436889647,0.1742919405899825
CCCCCCCCc1cccc(OCCOCCOCCOCCOCCOCCOCCOCCOCCOCCO)c1,-0.480172006,-0.36301824,Train,0.1171537614950714,0.24398290619022758
CCCCCCCCSC1O[C@H](CO)[C@@H](O)[C@H](O)[C@H]1O,0.92890769,0.81345654,Train,0.11545115466064448,0.12428700494517866
CCCCCCCCCCCCOCCOCCOCCOCCOCCOCCOCCOCCOCCOCCOCCOCCO,-0.850780887,-0.9658688,Test,0.1150878840762024,0.13527323642873798
CC(C)(C)CC(C)(C)c1ccc(OCCOCCOCCOCCO)cc1,-0.886056648,-0.7715286,Train,0.1145280463535766,0.12925589646225036
CC(C)(C)CC(C)(C)c1ccc(OCCOCCOCCOCCOCCOCCOCCO)cc1,-0.602059991,-0.48818314,Train,0.11387685024530025,0.18914535419660575
CCCCCCCC/C=C\CCCCCCCCN(C)C(=O)C(O)C(O)C(OC1OC(CO)C(O)C(O)C1O)C(O)CO,-1.300000003,-1.4101067,Train,0.1101066559355468,0.08469742744727271
CCCCCCCCc1ccc(OCCOCCOCCOCCOCCO)cc1,-0.823908741,-0.71446776,Train,0.10944097709924316,0.13283143102282388
CCCCCCCCCCCC(=O)N(C)CC(O)C(O)C(OC1OC(CO)C(O)C(O)C1O)C(O)CO,-0.346787486,-0.23736697,Train,0.1094205116462097,0.3155261249715617
CCCCCCCCC(=O)OC[C@H](O)[C@@H](O)[C@H](O)CO,0.255272505,0.36374128,Train,0.10846877364837648,0.42491365706767553
CCCCCCCCCCCCCCCCCC(=O)OCC1(OC2OC(CO)C(O)C(O)C2O)OC(O)C(O)C1O,-2.289882635,-2.3950567,Train,0.10517408954833973,0.04592990397882978
CCCCCCCCCCCCCCCC(=O)O[C@H]1[C@H](O)[C@@H](CO)OC(O)[C@@H]1O,-0.853871964,-0.7495305,Train,0.10434146978689574,0.12219802755685247
CCCCCCCCCOC[C@H](O)[C@@H](O)[C@H](O)CO,0.322219295,0.21921153,Train,0.10300776133434297,0.31968216346058037
CC(C)(C)CC(C)(C)c1ccc(OCCOCCOCCOCCOCCOCCO)cc1,-0.677780705,-0.5748521,Test,0.10292859604461668,0.15186120715049964
CCCCCCCC/C=C\CCCCCCCCN(C)C(=O)C(O)C(O)C(O)C(O)CO,-1.499999995,-1.3990421,Train,0.10095786548339847,0.0673052438799498
CCCCCCCCS(=O)CCCCO,1.301029996,1.2012627,Test,0.09976728352136233,0.07668330770858132
CCCCCCOCCOCCOCCOCCOCCOCCO,1.840106094,1.9396964,Train,0.09959033715997312,0.054122062572753545
CCCC(CCC)CCOCCOCCOCCOCCOCCOCCO,1.330413773,1.2320484,Train,0.09836538070416267,0.07393593083628026
CCCCCCCCc1cccc(OCCOCCOCCOCCOCCOCCOCCOCCO)c1,-0.549750892,-0.45519495,Train,0.09455594189624028,0.17199779622411285
CC(C)CCCC(C)CCOC1OC(CO)C(OC2OC(CO)C(OC3OC(CO)C(O)C(O)C3O)C(O)C2O)C(O)C1O,0.699404082,0.7927439,Test,0.09333983927990719,0.13345624036536174
CCCCCCCCCCCCCCCCN(C)C(=O)C(O)C(O)C(OC1OC(CO)C(O)C(O)C1O)C(O)CO,-2.015472686,-1.9235542,Train,0.09191850394738754,0.045606425026683564
CCCCCCCCCCCC(=O)N(CCO)CCO,-0.578396073,-0.487748,Train,0.09064807595448299,0.156723187078905
CCCCCCCCCC(=O)CC(=O)NC1CCOC1=O,-1.013228266,-1.1031171,Train,0.0898888423450317,0.08871529285290555
CCCCCCCCCCCCOC1OC(CO)C(OC2OC(CO)C(O)C(O)C2O)C(O)C1O,-0.688246139,-0.5991036,Train,0.08914250941091917,0.12952126333820113
CCCCCCCCCCCCNC(C)C(O)OCCOCCOCCOCCO,-0.410050399,-0.32195237,Train,0.08809802621061708,0.21484682474511402
CCCCCCCC(=O)OCC1OC(O)C(O)C(O)C1OC1OC(CO)C(O)C(O)C1O,0.419955748,0.33227146,Train,0.0876842912815552,0.20879412104523734
CCCCCCCCOC1OC(CO)C(O)C(O)C1N,1.381115081,1.2935684,Train,0.08754670827355948,0.06338842394666422
CCCCCCCCC(=O)N(C)CC(O)C(O)C(O)C(O)CO,1.311251729,1.2238327,Test,0.08741900252142343,0.06666836015392084
CCCCOC[C@H](O)[C@@H](O)[C@H](O)CO,1.762678564,1.6797526,Test,0.08292597572790528,0.0470454326849721
CCCCCCCC(CCCCCC)SCCC(=O)OCC1(O)C(O)C(O)C(O)C1O,-2.200659451,-2.1201549,Train,0.08050459336450189,0.036582031503293186
CCCCCCCCCCCCOCCOCCOCCOCCOCCOCCOCCOCCO,-0.962573502,-1.0428039,Train,0.08023038155255124,0.08334987550130094
CCCCCCCOCC(O)C(O)C(O)CO,0.982271233,0.9041641,Test,0.07810715714855954,0.07951689362825873
CCCCCCCCOCCO,0.69019608,0.6130455,Train,0.07715056637008666,0.1117806498844309
CCCCCCCCCOC1OC(CO)C(O)C(O)C1N,0.82314806,0.8999608,Test,0.0768127559065247,0.0933158439400619
CCCCCCCCCCNC(=O)C(O)C(O)C(OC1OC(CO)C(O)C(O)C1O)C(O)CO,0.107027631,0.18357466,Train,0.07654703061251068,0.715208118663401
CC(C)CCCC(C)CCCC(C)CCOC1O[C@H](CO)[C@@H](O[C@H]2O[C@H](CO)[C@@H](O)[C@H](O)[C@H]2O)[C@H](O)[C@H]1O,-1.525783736,-1.4504359,Train,0.07534785915368647,0.049383053034251556
OCCOCCOCCOCCSCCC(F)(F)C(F)(F)C(F)(F)C(F)(F)C(F)(F)C(F)(F)F,0.447158031,0.37295532,Train,0.07420270873437501,0.1659429185883838
CC(C)CCCC(C)CCOC1O[C@H](CO)[C@@H](O[C@H]2O[C@H](CO)[C@@H](O)[C@H](O)[C@H]2O)[C@H](O)[C@H]1O,0.72427587,0.6506428,Train,0.07363305774795537,0.10166438065644154
CCCCCCCCSC1OC(CO)C(O)C(O)C1O,0.929418926,0.8571035,Train,0.07231539940774534,0.0778071087049774
CC(C)CCCC(C)CCOC1O[C@H](CO)[C@@H](O[C@H]2O[C@H](CO)[C@@H](OC3O[C@H](CO)[C@@H](O)[C@H](O)[C@H]3O)[C@H](O)[C@H]2O)[C@H](O)[C@H]1O,0.698970004,0.7701615,Train,0.071191505513855,0.10185201812158881
CC(C)(C)CC(C)(C)c1ccc(OCCOCCO)cc1,-0.886056648,-0.9568531,Train,0.07079644371676641,0.07990058409534828
CCCCCCCCCCOCCOCCOCCOCCO,-0.168770306,-0.09799695,Train,0.07077335585046388,0.4193472034734823
CCCCCCCCCCON(CCOCCOCCOCCOC)CCOCCOCCOCCOC,0.810232518,0.7407484,Train,0.06948411254345699,0.08575823729584868
CC(C)CCCC(C)CCCC(C)CCOC1O[C@@H](CO)[C@@H](O)[C@H](O)[C@H]1O,-1.473660723,-1.5423738,Train,0.06871305343585199,0.04662745797823098
CCCCCCCC(=O)OCC(OCCOCCO)C1OCC(OCCOCCO)C1OCCOCCOCCO,-0.349692477,-0.28112453,Train,0.0685679447772522,0.196080697433054
CCCCCCCCCC(=O)N(C)CC(O)C(O)C(O)C(O)CO,0.813233062,0.74467784,Train,0.06855522033663941,0.08429959815952418
CCCCCCCC(=O)OCC(OCCOCCOCCO)C1OCC(OCCOCCO)C1OCCOCCO,-0.349692477,-0.281828,Train,0.06786449075961304,0.19406906131301485
CCCCCCCC(=O)OCC(OCCOCCO)C1OCC(OCCOCCOCCO)C1OCCOCCO,-0.349692477,-0.28189704,Test,0.06779543877864075,0.19387159643883545
CCCCCCCCCCCCC/C=C/[C@@H](O)[C@H](CO)NC(=O)CCCCC,-2.302770657,-2.235773,Test,0.06699757045214838,0.02909433045296459
CC(C)CCCC(C)CCOC1O[C@H](CO)[C@@H](O)[C@H](O)[C@@H]1O,0.602059991,0.5352898,Train,0.06677016699105831,0.11090284687437121
CCCCCCCCOCCOCCOCCOCCOCCO,0.959041392,0.8925285,Train,0.06651291766909795,0.0693535422182257
CCCCCCCCCCCC(=O)OCC1OC(OC2C(CO)OC(O)C(O)C2O)C(O)C(O)C1O,-0.48148606,-0.41523862,Train,0.06624744114929199,0.13758953093946683
CCCCCCCCOCCOCCOCCOCCOCCOCCOCCOCCOCCO,1.11058971,1.0446084,Train,0.0659813554315185,0.05941109920018844
CCCCCCCCCCOCCOCCOCCOCCOCCOCCOCCOCCO,0.0,0.06570795,Train,0.06570795178413391,inf
CCCCCCCCCCCCCOCCOCCOCCOCCOCCOCCOCCOCCO,-1.569441231,-1.5046571,Test,0.06478408168511973,0.04127843744989501
CCCCCCCCc1cccc(OCCOCCOCCOCCOCCOCCOCCO)c1,-0.600326279,-0.53646153,Train,0.06386474688406374,0.10638339369458744
CCCCCCCCCCCCCCN(C)C(=O)C(O)C(O)C(O)C(O)CO,-1.609781681,-1.5481019,Test,0.061679778991943435,0.0383156174032418
CCCCCCCCS(=O)CCCO,1.301029996,1.240057,Train,0.060973004422851584,0.046865179596406153
CCCCCCCCCCCC(O)N(CCO)CCO,-0.590066877,-0.53214103,Train,0.05792584716525273,0.09816827451789456
CCCCCCCC/C=C/CCCCCCCC(=O)OCC(OC(=O)CCCCCCC/C=C/CCCCCCCC)C1OCC(O)C1OC(=O)CCCCCCC/C=C/CCCCCCCC,-1.943095149,-1.8861663,Train,0.05692881484777823,0.029298006779069075
CCCCCCCCNC(=O)C(O)C(O)C(OC1OC(CO)C(O)C(O)C1O)C(O)CO,0.755874856,0.8124754,Train,0.056600527281707724,0.07488081768089362
CCCCCCCCCCCC(=O)OCC1OC(OCC2OC(OC3(CO)OC(CO)C(O)C3O)C(O)C(O)C2O)C(O)C(O)C1O,-0.022276395,0.033308662,Train,0.05558505747415543,2.4952447410882876
CCCCCCCCCCCCN(C)C(=O)C(O)C(O)C(OC1OC(CO)C(O)C(O)C1O)C(O)CO,-0.601028774,-0.54656124,Test,0.054467532850097644,0.09062383567362724
CCCCCCCCCCCC(=O)OCC1OC(OC2(CO)OC(CO)C(O)C2O)C(O)C(O)C1O,-0.337242168,-0.28284094,Test,0.05440123062397767,0.16131206529302608
OCCOCCOCCOCCOCCOCCOCCOCCSCCC(F)(F)C(F)(F)C(F)(F)C(F)(F)C(F)(F)C(F)(F)F,0.681241237,0.7343821,Train,0.053140855952728216,0.07800592956871784
CCCCCCCCCCCCCCN(C)C(=O)C(O)C(O)C(OC1OC(CO)C(O)C(O)C1O)C(O)CO,-1.443697499,-1.3913671,Train,0.05233042117254638,0.03624749728304848
CCCCCCCCSC1OC(=O)C(O)C1O,-0.318758763,-0.2666064,Test,0.052152372523773194,0.16361078839979434
CCCCCCCC(CC)O[C@@H]1O[C@H](CO)[C@@H](O)[C@H](O)[C@H]1O,0.899820502,0.8485077,Train,0.05131279964938351,0.05702559514406742
CCCCCCCCCCCCC(=O)NCCOCCOCCOCCOCCOCCOCCOCCOCCOCCO,-0.124938737,-0.07399228,Train,0.05094645484782409,0.4077714892205457
CCCCCCCCCCCC(O)N(CCOCCOC)CCOCCOC,-0.400116928,-0.3517601,Train,0.04835683860256956,0.12085676765610268
CCCCCCCCCCN(C)C(=O)C(O)C(O)C(O)C(O)CO,0.107209969,0.15450026,Test,0.047290291949134824,0.4410997632984562
CCCCCCCCCCCCCC(=O)N(C)CC(O)C(O)C(OC1OC(CO)C(O)C(O)C1O)C(O)CO,-1.167491087,-1.1206169,Train,0.04687417415820305,0.04014949208618931
CCCCCCCCc1cccc(OCCOCCO)c1,-1.119758224,-1.1664586,Train,0.04670038271997079,0.041705773370565385
CCCCCCCC(=O)O[C@H]1[C@H](O)[C@@H](CO)OC(O)[C@@H]1O,0.204119983,0.15749077,Train,0.04662920801087189,0.22844019152633327
CC(C)CCCC(C)CCOC1OC(CO)C(OC2OC(CO)C(O)C(O)C2O)C(O)C1O,0.72427587,0.67886424,Train,0.04541162935363774,0.06269935425798147
CCCCCCCCCCOCCOCCOCCOCCOCCOCCO,-0.04793441,-0.0032018647,Train,0.04473254534021377,0.9332032112257932
CC(C)CCCC(C)CCOC1OC(CO)C(O)C(O)C1O,0.602059991,0.55829537,Test,0.043764621851745567,0.07269146348531498
CCCCCCCCCCCC(=O)OCC1OC(O)C(O)C(O)C1OC1OC(CO)C(O)C(O)C1O,-0.369572125,-0.41081017,Train,0.04123804755783084,0.11158321953483596
CCCCCCCCCCCC(=O)OC[C@@H](O)[C@H]1OC[C@H](O)[C@H]1O,-1.440093375,-1.4002298,Train,0.03986356333160401,0.027681235136300806
CCCCCCCC(=O)OCC(O)C(O)C(OC1OC(CO)C(O)C(O)C1O)C(O)CO,0.439332694,0.40036002,Train,0.03897267598509219,0.08870879977143742
CCCCCCCCc1ccc(OCCOCCOCCOCCO)cc1,-0.886056648,-0.84756273,Train,0.038493917687652535,0.043444082017262325
CCCCCCCCCCC(O)CO,-0.749579998,-0.7117112,Test,0.037868770106170624,0.050519984801102744
CCCCCCCCc1ccc(OCCOCCO)cc1,-1.11577123,-1.1531408,Train,0.03736955330993652,0.03349212840873888
CCCCCCCCc1cccc(OCCOCCOCCOCCOCCO)c1,-0.821023053,-0.7836607,Train,0.03736234314205933,0.0455070573299229
CCCCCCCCCCCOCCOCCOCCOCCOCCOCCOCCOCCO,-0.522878745,-0.48564643,Train,0.03723231832229612,0.07120641004884626
CCCCCCCCCCCCCCCCCC(=O)O[C@H]1[C@H](O)[C@@H](CO)OC(O)[C@@H]1O,-0.698970004,-0.73609775,Train,0.03712774904794314,0.05311780024245953
CCCCCCSC[C@H](O)[C@@H](O)[C@H](O)CO,1.204119983,1.167081,Test,0.03703898457928467,0.030760210861216705
CCCCCCCCCCOC1O[C@H](CO)[C@@H](O[C@H]2O[C@H](CO)[C@@H](O)[C@H](O)[C@H]2O)[C@H](O)[C@H]1O,0.301029996,0.3379907,Test,0.03696070519857786,0.12278080486895351
CC(CCC(=O)N(CCCNC(=O)C(O)C(O)C(O)C(O)CO)CCCNC(=O)C(O)C(O)C(O)C(O)CO)C1CCC2C3CCC4CC(O)CCC4(C)C3CC(O)C12C,0.146128036,0.11013003,Train,0.03599800906346892,0.2463456708845996
CCCCCCCCCCOC[C@H](O)[C@@H](O)[C@H](O)CO,-0.092051478,-0.1279035,Train,0.035852028159782404,0.38947802836780526
CCCCCCCCCC(=O)N(C)CC(O)C(O)C(OC1OC(CO)C(O)C(O)C1O)C(O)CO,0.51851394,0.4826836,Train,0.03583034100479121,0.06910198210831364
CCCCCCCCCCCOCCO,-0.519993057,-0.5539648,Train,0.03397173668209841,0.06533113514648026
CCCCCCCCC(C)O[C@@H]1O[C@H](CO)[C@@H](O)[C@H](O)[C@H]1O,0.699837726,0.66605717,Test,0.0337805565625916,0.048269127695741855
CCCCCCCCCCCC(=O)NC1CCOC1=O,-2.397940009,-2.365191,Train,0.03274902618139652,0.013657149911374835
CCCCCCCCOCCOCCOCCOCCOCCOCCO,0.997823081,0.96515065,Train,0.03267242668405146,0.03274370708212898
CCCCCCCCCCS(=O)CCO,0.204119983,0.17168652,Train,0.032433467787940984,0.15889413329973176
CCCCCCCCCCCCCCCCCC(=O)OCC(O)COCC(O)COCC(O)COCC(O)COCC(O)COCC(O)CO,-1.552841969,-1.584356,Test,0.03151398135552985,0.020294390533393585
CCCCCCCCCCCCN(C)C(=O)C(O)C(O)C(O)C(O)CO,-0.8261012,-0.85701203,Train,0.030910833462524434,0.037417732188894576
CCCCCCCCCCCCOCCOCCOCCOCCOCCOCCOCCOCCOCCO,-1.0,-1.0288551,Train,0.028855085372924805,0.028855085372924805
CCCCCCCCCCCOC[C@H](O)[C@@H](O)[C@H](O)CO,-0.522878745,-0.49495584,Train,0.02792290727340696,0.053402261117741476
CCCCC(CCCC)CCOCCOCCOCCOCCOCCOCCOCCOCCOCCO,0.469822016,0.49614936,Train,0.02632734513357543,0.0560368485021686
CCCCCCCCCCCCOCCOCCOCCOCCOCCOCCOCCO,-1.088043811,-1.0625939,Test,0.0254498740798339,0.023390486506644815
CCCCCCCCC=CCCCCCCCCN(C)C(=O)C(O)C(O)C(O)C(O)CO,-1.494850022,-1.4695761,Test,0.025273901623413142,0.016907315952404717
CCCCCCCCc1cccc(OCCOCCOCCOCCOCCOCCO)c1,-0.679853714,-0.6559568,Test,0.0238969092476502,0.03515007531112818
CCCCCCCCCCCC(O)N(CCOCCOCCOC)CCOCCOCCOC,-0.289882635,-0.31356376,Train,0.023681129095306397,0.08169212721316127
CCCCCCCCCOCC(O)C(O)C(O)CO,0.311753861,0.2896742,Train,0.022079668332992575,0.07082404131954784
CCCCCCCCCCOCCOCCOCCOCCOCCOCCOCCOCCOCCO,0.112269768,0.09146981,Train,0.020799958587043768,0.18526767230020255
CCCCCCCC(CC)OC1OC(CO)C(O)C(O)C1O,0.929418926,0.9090907,Train,0.020328228234649637,0.021871975775377785
CCCCCCCCc1cccc(OCCOCCOCCOCCO)c1,-0.88941029,-0.8697571,Train,0.019653174159088183,0.02209685943602944
CCCCCCCCCCCCC(=O)NCCOCCOCCOCCOCCOCCOCCO,-0.187086643,-0.16834405,Train,0.01874259235417175,0.10018134941986077
CCCCCCCCC=CCCCCCCCCOC1OC(CO)C(OC2OC(CO)C(O)C(O)C2O)C(O)C1O,-1.698970004,-1.7149267,Train,0.015956715665527366,0.009391993753838732
CCCCCCCCCCCCC/C=C/[C@@H](O)[C@H](CO)NC(C)=O,-2.235077015,-2.2195408,Train,0.015536180573120006,0.006951071694108942
CCCCCCCCCCCCCC(O)CCO,-1.88941029,-1.9039129,Train,0.014502611878356886,0.007675734569200894
CCCCCCCCC=CCCCCCCCC(=O)OC1(OC2(CO)OC(CO)C(O)C2O)OC(CO)C(O)C(O)C1O,-2.292429824,-2.279885,Train,0.012544770365356506,0.00547225927442676
CCCCCCC(=O)OCC(O)C(O)C(O)CO,1.0,0.988301,Train,0.011699020862579346,0.011699020862579346
CCCCCCCCCCON(CCOCCOCCOC)CCOCCOCCOC,0.699837726,0.7110189,Train,0.011181193944763135,0.015976837957379756
CCCCCCCC(=O)OC[C@H](O)[C@@H](O)[C@H](O)CO,0.643452676,0.65460247,Train,0.011149792013763427,0.017328068449533385
CCCCCCCCc1cccc(OCCOCCOCCO)c1,-1.010105436,-1.0207798,Train,0.01067441209875497,0.01056762167425359
CCCCCCCCCCCCN(C)CC(O)OCCOCCOCCOCCO,-0.530177984,-0.52026373,Train,0.009914252520355271,0.018699857066028735
OCCOCCOCCOCCOCCOCCSCCC(F)(F)C(F)(F)C(F)(F)C(F)(F)C(F)(F)C(F)(F)F,0.568201724,0.5617602,Train,0.0064415368509521675,0.011336707684737978
CCCCOCC(O)C(O)C(O)CO,1.782114148,1.7759067,Train,0.006207465985534677,0.0034832033584947875
CCCCCCCCCCCCCCCCN(CC(O)CO)CC(O)CO,-1.568636236,-1.5644201,Test,0.0042161319732054725,0.0026877690802021435
CCCCCCCC(=O)OCC(OCCOCCOCCOCCOCCOCCOCCOCCOCCOCCOCCOCCOCCO)C1OCC(OCCOCCOCCOCCOCCOCCOCCOCCOCCOCCOCCOCCOCCO)C1OCCOCCOCCOCCOCCOCCOCCOCCOCCOCCOCCOCCOCCOCCO,0.667452953,0.66369236,Train,0.0037605978440551358,0.005634251563578199
CCCCCCCC(=O)OCC(OCCOCCOCCOCCOCCOCCOCCOCCOCCOCCOCCOCCOCCO)C1OCC(OCCOCCOCCOCCOCCOCCOCCOCCOCCOCCOCCOCCOCCOCCOCCOCCO)C1OCCOCCOCCOCCOCCOCCOCCOCCOCCOCCOCCO,0.667452953,0.663702,Train,0.0037509418916015225,0.005619784697546349
CCCCCCCCCCCCOCCOCCOCCOCCOCCOCCO,-1.060231224,-1.0638791,Train,0.0036479082708129607,0.003440672363006129
CCCCCCCC(=O)OCC(OCCOCCOCCOCCOCCOCCOCCOCCOCCOCCO)C1OCC(OCCOCCOCCOCCOCCOCCOCCOCCOCCOCCOCCOCCOCCOCCOCCOCCO)C1OCCOCCOCCOCCOCCOCCOCCOCCOCCOCCOCCOCCOCCOCCO,0.667452953,0.66421944,Train,0.0032335139703063565,0.004844557141851999
CCCCCCCCCCCCNC(=O)C(O)C(O)C(OC1OC(CO)C(O)C(O)C1O)C(O)CO,-0.508638306,-0.50656515,Train,0.0020731524012146396,0.004075887279348244
