SMILES,True_Value,Predicted_Value,Set,Absolute_Error,Relative_Error
CCCCCCCCCCCCC(=O)N(CCOCCOCCOCCOCCOCCOCCO)CCN(CCOCCOCCOCCOCCOCCOCCO)C(=O)CCCCCCCCCCCC,-1.22184875,-0.22002286,Test,1.0018258928108215,0.8199262738623103
CCCCCCCCOCC1OC(O)C(O)C(O)C1O,1.079181246,0.18524835,Test,0.8939329008633576,0.8283436208484275
CC(C)COCCOCCOCCOCCOCCOCCO,2.949877704,2.2363555,Test,0.7135221608634033,0.24188194646031444
CCCCCCCCCCO[C@H]1O[C@H](CO)[C@@H](O)[C@H](O)[C@@H]1O,-0.600326279,0.052487895,Test,0.6528141738926926,1.087432279293395
CC(C)CCCC(C)CCCC(C)CCOC1OC[C@@H](O)[C@H](O)[C@@H]1O,-1.517126416,-2.160277,Train,0.6431504738010254,0.42392675192930357
CCCCCCCC/C=C\CCCCCCCC(=O)OC[C@@H](O)[C@H]1OC[C@H](O)[C@H]1O,-1.578396073,-2.1288478,Test,0.5504517644481202,0.34874121512599593
CCCCCCCC(=O)NC1C(O)OC(CO)C(O)C1O,1.653212514,1.1782049,Test,0.4750076199341431,0.2873239924762287
CCCCCCCCCCCC(=O)N(C)CC(O)C(O)C(O)CO,-0.443697499,0.027169008,Test,0.47086650680797004,1.0612331777150046
CCCCCCCCS(C)=O,1.361727836,0.9078258,Test,0.45390200840142825,0.33332799433309684
CCCCCCCCCCCC(=O)O[C@H]1[C@H](O)[C@@H](CO)OC(O)[C@@H]1O,-0.638272164,-0.20850469,Test,0.4297674722799911,0.6733294925266256
CCCCCCCC(=O)OCC(O)C(O)C(O)CO,1.278753601,0.8537195,Train,0.4250341281148682,0.33238156888276726
CCCCCCCCSCC(O)C(O)C(O)CO,0.079181246,0.49517953,Test,0.4159982879584351,5.253747686143194
CCCCCCCCCCCCOCC#CCOCC1OC(O)C(O)C(O)C1O,-1.494850022,-1.9015005,Test,0.4066504414857177,0.27203427467703356
CCCCCCCCCCCCOCCOCCOCCOCCOCCOCCOCCOCCOCCOCCOCCOCCO,-0.850780887,-1.201624,Test,0.3508431488352661,0.412377798086649
CCCCCCCCCCCC(=O)NC1CCOC1=O,-2.397940009,-2.7454522,Train,0.34751215660363766,0.14492112200444862
CCCCCC(=O)OC[C@H](O)[C@@H](O)[C@H](O)CO,1.0,1.3451616,Train,0.3451615571975708,0.3451615571975708
CCCCCCCCCCN(C)C(=O)C(O)C(O)C(OC1OC(CO)C(O)C(O)C1O)C(O)CO,0.381285373,0.0432563,Test,0.338029071567152,0.886551374650168
CC(C)CCCC(C)CCCC(C)CCOC1O[C@@H](CO)[C@@H](O)[C@H](O)[C@H]1O,-1.473660723,-1.7848011,Train,0.31114040252642816,0.21113435248041698
CCCCCC(=O)OCC(O)C(O)C(O)CO,1.782114148,1.4716154,Train,0.3104987143070679,0.17423054222173645
CCCCOCCOCCOCCOCCOCCOCCO,2.889861721,2.5857053,Train,0.30415644069604486,0.1052494790618547
CCCCSC[C@H](O)[C@@H](O)[C@H](O)CO,2.255272505,1.9738239,Test,0.2814486000088503,0.12479582816926608
CCCCCCCCCCN(C)C(=O)C(O)C(O)C(O)C(O)CO,0.107209969,-0.16685525,Test,0.27406521482862856,2.5563407711518744
CCCCCCCCCCCCCOCCOCCOCCOCCOCCO,-1.30980392,-1.5686878,Train,0.2588838765927124,0.1976508641024012
CCCCCCCCCCCCCCCCCC(=O)O[C@H]1[C@H](O)[C@@H](CO)OC(O)[C@@H]1O,-0.698970004,-0.9542527,Train,0.2552827158791504,0.36522699746518794
CCCCCCC(=O)OC[C@H](O)[C@@H](O)[C@H](O)CO,1.255272505,1.0035738,Train,0.2516987297085571,0.20051321821038143
CC(C)CCCC(C)CCCC(C)CCOC1O[C@H](CO)[C@@H](O)[C@H](O)[C@H]1O,-2.036212173,-1.7863873,Test,0.2498248486668091,0.12269097099971472
CCCCCCCCCCCC(O)N(CCOCCOCCOCCOC)CCOCCOCCOCCOC,-0.610833916,-0.3613711,Train,0.24946281605111698,0.4083971264803131
CCCCCCCCCC(=O)CC(=O)NC1CCOC1=O,-1.013228266,-1.2564391,Train,0.2432108237750854,0.24003556941342316
CCCCCCCCCCC(O)CO,-0.749579998,-0.99051476,Test,0.24093475724902347,0.3214263426076952
CC(C)CCCC(C)CCCC(C)CCOC1O[C@H](CO)[C@@H](O[C@H]2O[C@H](CO)[C@@H](O)[C@H](O)[C@H]2O)[C@H](O)[C@H]1O,-1.525783736,-1.76567,Train,0.2398862059021607,0.15722162993495215
CC(C)CCCC(C)CCCC(C)CCOC1OC[C@@H](O)[C@@H](O)[C@@H]1O,-2.431798276,-2.1950653,Train,0.2367330160665282,0.0973489529961852
CCCCCCCCCCCCOc1ccc(OCC2OC(O)C(O)C(O)C2O)cc1,0.491361694,0.7257158,Train,0.23435412202096556,0.4769482946730592
CCCCCCCCCCCCO[C@H]1O[C@H](CO)[C@@H](O)[C@H](O)[C@@H]1O,-1.300162274,-1.0686595,Train,0.2315027300089112,0.17805679693864981
CCCCCCCCCCCCCCCCCC(=O)OCC1(OC2OC(CO)C(O)C(O)C2O)OC(O)C(O)C1O,-2.289882635,-2.5193267,Train,0.22944405185913075,0.1001990444192048
CCCCCCCCC(=O)OC[C@H](O)[C@@H](O)[C@H](O)CO,0.255272505,0.48404574,Train,0.22877323894226076,0.8961922434312335
CCCCCCCCOC1O[C@H](CO)[C@@H](O)[C@H](O)[C@@H]1O,1.397940009,1.1699682,Train,0.22797176158636479,0.16307692756389575
CCCCCCCCOCCCCOCC1OC(O)C(O)C(O)C1O,-0.522878745,-0.7441032,Test,0.22122444828308108,0.42308938812014835
CCCCCCCCCCCC(=O)OCC1OC(OC2(CO)OC(CO)C(O)C2O)C(O)C(O)C1O,-0.337242168,-0.11721398,Test,0.22002818863655854,0.6524337983634316
CCCCCCCCCCCC(=O)OCC(O)COCC(O)COCC(O)COCC(O)CO,-1.402304814,-1.1837498,Train,0.2185550190399781,0.15585414587329377
CCCCCCCCCCCCN(CCCNC(=O)[C@@H](O)[C@H](O)[C@@H](O)[C@@H](O)CO)CCN(CCCCCCCCCCCC)CCCNC(=O)[C@@H](O)[C@H](O)[C@@H](O)[C@@H](O)CO,-2.420216403,-2.2019234,Train,0.21829303263867184,0.09019566695279184
CCCCCCCCCCCC(=O)OCC1OC(OC2C(CO)OC(O)C(O)C2O)C(O)C(O)C1O,-0.48148606,-0.2804003,Train,0.20108575401359557,0.4176356715573356
CCCCCCCC/C=C\CCCCCCCC(=O)OCC(O)COCC(O)COCC(O)COCC(O)COCC(O)COCC(O)COCC(O)COCC(O)COCC(O)COCC(O)CO,-1.675717545,-1.4765972,Train,0.19912035509674064,0.1188269202592497
CC(C)CCCC(C)CCCC(C)CCOC1OC[C@@H](O)[C@H](O)[C@H]1O,-1.995678626,-2.1910899,Train,0.19541124254553233,0.09791718967156605
CCCCCCCCCCCC(=O)OCC1OC(OCC2OC(OCC3OC(OC4(CO)OC(CO)C(O)C4O)C(O)C(O)C3O)C(O)C(O)C2O)C(O)C(O)C1O,0.361727836,0.17322177,Train,0.18850606905130007,0.521126798357039
CCCCCCCCCCCCN(C)C(=O)C(O)C(O)C(OC1OC(CO)C(O)C(O)C1O)C(O)CO,-0.601028774,-0.7894537,Test,0.1884249112836609,0.31350397757106535
CCCCCCCCOC[C@H](O)[C@@H](O)[C@H](O)CO,0.826074803,0.6431082,Train,0.18296661389401248,0.22148915961308224
CCCCCCCCCCCCOCCOCCOCCOCCOCCOCCOCCOCCO,-0.962573502,-1.1441406,Train,0.18156709915814206,0.18862673736695285
CCCCCCCCCCOCCOCCOCCOCCOCCOCCOCCOCCOCCO,0.112269768,-0.06518241,Train,0.1774521781805687,1.5805873775437809
CCCCCCOCCOCCOCCOCCOCCOCCO,1.840106094,2.0149384,Train,0.17483226049218747,0.09501205450178106
CCCCCCOC[C@H](O)[C@@H](O)[C@H](O)CO,0.973127854,1.1449172,Test,0.17178939567956542,0.1765332222003846
CCCCCCCCCCO[C@@H]1O[C@H](CO)[C@H](O)[C@H](O)[C@H]1O,-0.100179498,0.07154751,Train,0.1717270062397461,1.714193120030868
CC(C)(C)CC(C)(C)c1ccc(OCCOCCO)cc1,-0.886056648,-1.0575819,Train,0.17152525355029302,0.19358271724212947
CCCCCCCCCCCCCCCCN(C)C(=O)C(O)C(O)C(OC1OC(CO)C(O)C(O)C1O)C(O)CO,-2.015472686,-2.1863647,Train,0.1708919647263185,0.084790017703231
CCCCCCCCSC1OC(=O)C(O)C1O,-0.318758763,-0.48816815,Test,0.1694093871865387,0.5314658194558833
CCCCCCCCCC(=O)N(C)CC(O)C(O)C(OC1OC(CO)C(O)C(O)C1O)C(O)CO,0.51851394,0.35130703,Train,0.16720690550750728,0.3224733080609314
CCCCSCC(O)C(O)C(O)CO,2.255272505,2.0964718,Train,0.15880071850097677,0.07041309560104655
CCCCCCCCCCCCOCCOCCOCCOCCOCCOCCOCCOCCOCCO,-1.0,-1.1575764,Train,0.15757644176483154,0.15757644176483154
CCCCCCCCCCCCCC=CC(O)C(CO)NC(=O)CCCCC,-2.30980392,-2.153229,Test,0.1565749218157957,0.0677871054162016
CCCCCCCCCCCCCCCCN(CC(O)CO)CC(O)CO,-1.568636236,-1.7245938,Test,0.15595752258306894,0.09942236383672891
CCCCCSC[C@H](O)[C@@H](O)[C@H](O)CO,1.662757832,1.5100818,Train,0.15267606396411137,0.091820986210884
CC(C)CCCC(C)CCOC1O[C@H](CO)[C@@H](O[C@H]2O[C@H](CO)[C@@H](O)[C@H](O)[C@H]2O)[C@H](O)[C@H]1O,0.72427587,0.571855,Train,0.1524208613978577,0.21044586422278255
CCCCCCCCCCCC(=O)OCC(O)COCC(O)COCC(O)COCC(O)COCC(O)COCC(O)CO,-1.446116973,-1.2942528,Test,0.15186421974224862,0.10501516998808409
CCCCCCCC(=O)OCC(OCCOCCO)C1OCC(OCCOCCOCCO)C1OCCOCCO,-0.349692477,-0.49543998,Test,0.14574749945378113,0.4167876321050542
CCCCCCCC(=O)OCC(OCCOCCO)C1OCC(OCCOCCO)C1OCCOCCOCCO,-0.349692477,-0.49417448,Train,0.14448200343823242,0.4131687495188306
CCCCCCCCCCCCCCN(C)C(=O)C(O)C(O)C(OC1OC(CO)C(O)C(O)C1O)C(O)CO,-1.443697499,-1.5877724,Train,0.14407487038476563,0.09979574702079998
CCCCCCCC(=O)OCC(OCCOCCOCCO)C1OCC(OCCOCCO)C1OCCOCCO,-0.349692477,-0.49136972,Train,0.14167724727368164,0.4051481132483203
CCCCCCCCCCCC(=O)OCC(O)C(O)C(OC1OC(CO)C(O)C(O)C1O)C(O)CO,-0.369572125,-0.51097035,Train,0.14139822908020022,0.3825998215644652
CCCCCCCC(=O)OCC(OCCOCCOCCOCCOCCOCCOCCOCCOCCOCCO)C1OCC(OCCOCCOCCOCCOCCOCCOCCOCCOCCOCCOCCOCCOCCOCCOCCOCCO)C1OCCOCCOCCOCCOCCOCCOCCOCCOCCOCCOCCOCCOCCOCCO,0.667452953,0.5264511,Train,0.1410018421601562,0.21125360450709732
CCCCCCCC(=O)OCC(OCCOCCOCCOCCOCCOCCOCCOCCOCCOCCOCCOCCOCCO)C1OCC(OCCOCCOCCOCCOCCOCCOCCOCCOCCOCCOCCOCCOCCOCCOCCOCCO)C1OCCOCCOCCOCCOCCOCCOCCOCCOCCOCCOCCO,0.667452953,0.5264919,Train,0.14096107258312984,0.21119252218385173
CCCCCCCC(=O)OCC(OCCOCCOCCOCCOCCOCCOCCOCCOCCOCCOCCOCCOCCO)C1OCC(OCCOCCOCCOCCOCCOCCOCCOCCOCCOCCOCCOCCOCCO)C1OCCOCCOCCOCCOCCOCCOCCOCCOCCOCCOCCOCCOCCOCCO,0.667452953,0.5270707,Train,0.14038225187771602,0.21032531393672033
CCCCCCCCCCCC(=O)OCC1(OC2OC(CO)C(O)C(O)C2O)OC(O)C(O)C1O,-0.469800302,-0.61002123,Test,0.14022093155865478,0.29846922396966613
CCCCCCCCCCCCCCCCCC(=O)OCC(O)COCC(O)COCC(O)COCC(O)COCC(O)COCC(O)CO,-1.552841969,-1.692575,Test,0.13973300887475593,0.08998533763531731
CCCCCCCCCCOC1O[C@H](CO)[C@@H](O)[C@H](O)[C@@H]1O,0.342422681,0.20401435,Train,0.1384083349964676,0.4042031754212788
CCCCCCCCCCCCCCCCOCCOCCOCCOCCOCCOCCOCCO,-2.769551079,-2.632207,Train,0.13734416219091816,0.049590766977480306
CCCCCCCCCCCCOCCOCCO,-1.480828536,-1.3435289,Train,0.13729966923211667,0.09271814115832022
CCCCCCCCCCCCN(C)C(=O)C(O)C(O)C(O)C(O)CO,-0.8261012,-0.9632333,Train,0.13713209210281374,0.16599914405500651
CC(C)CCCC(C)CCCC(C)CCOC1OCC(O)C(O)C1O,-2.314258261,-2.1778505,Test,0.13640777615197752,0.058942330875826794
CCCCCCCCOCCOCCOCCO,0.872447648,0.73653376,Train,0.13591388697552487,0.15578457605690613
CCCCCCCCCOC1OC(CO)C(O)C(O)C1N,0.82314806,0.9581609,Test,0.13501281722778324,0.16402008798730966
CCCCCCNC(=O)C(O)C(O)C(OC1OC(CO)C(O)C(O)C1O)C(O)CO,1.919078092,1.7843183,Train,0.13475976409625234,0.07022109452346995
CCCCCCCCCCCCOC1OC(CO)C(O)C(O)C1O,-0.72010502,-0.85304356,Train,0.13293853621337892,0.18460992844263038
CCCCCCCCCCCCN(CCCNC(=O)[C@H](O)[C@@H](O)[C@H](OC1OC(CO)C(O)C(O)C1O)[C@H](O)CO)CCN(CCCCCCCCCCCC)CCCNC(=O)[C@H](O)[C@@H](O)[C@H](OC1OC(CO)C(O)C(O)C1O)[C@H](O)CO,-2.051098239,-1.9195065,Train,0.1315916891647948,0.06415669745245918
CCCCCCCC(CC)OC1OC(CO)C(O)C(O)C1O,0.929418926,1.0560144,Train,0.12659549260198977,0.13620929062293463
CCCCCCCCCCCCCCCC(=O)NC1CCOC1=O,-3.795880017,-3.9217913,Train,0.12591129807873536,0.03317051579998224
CCCCCCCCCCCCCCCOCCOCCOCCOCCOCCOCCOCCOCCO,-2.457797218,-2.3332431,Train,0.12455408636242682,0.05067712073650285
CCCCCCCC(=O)OCC(OCCOCCOCCOCCO)C1OCC(OCCOCCOCCOCCOCCO)C1OCCOCCOCCOCCOCCOCCO,-0.286509457,-0.40951633,Test,0.12300687753369138,0.4293292054708385
CCCCCCCCc1cccc(OCCOCCOCCOCCOCCOCCO)c1,-0.679853714,-0.8028521,Test,0.12299838017343134,0.18091889128582642
CCCCCCCCc1cccc(OCCOCCOCCOCCOCCOCCOCCO)c1,-0.600326279,-0.7227309,Train,0.12240459601525877,0.20389678129559072
CCCCCCCC(=O)O[C@H]1[C@H](O)[C@@H](CO)OC(O)[C@@H]1O,0.204119983,0.326515,Train,0.12239500613764953,0.5996228509270919
CCCCCCCCc1cccc(OCCOCCOCCOCCOCCOCCOCCOCCO)c1,-0.549750892,-0.667976,Train,0.11822512976666255,0.2150521836109409
CCCCCCCCc1cccc(OCCOCCOCCOCCOCCOCCOCCOCCOCCOCCO)c1,-0.480172006,-0.59707314,Train,0.11690113176016237,0.24345678277663352
CCCCCCCCCCCCCCCC(=O)O[C@H]1[C@H](O)[C@@H](CO)OC(O)[C@@H]1O,-0.853871964,-0.7378392,Train,0.11603274204565428,0.13589009469533805
CC(C)CCCC(C)CCOC1OC(CO)C(OC2OC(CO)C(O)C(O)C2O)C(O)C1O,0.72427587,0.60896647,Train,0.11530940023529057,0.1592064640166606
CCCCCCCC(=O)NC1OC(CO)C(O)C(O)C1O,1.84509804,1.9591559,Train,0.11405787716766347,0.06181670279572974
CCCCOCC(O)C(O)C(O)CO,1.782114148,1.8953794,Train,0.1132652760951538,0.06355668980141771
CCCCCCC(=O)OCC(O)C(O)C(O)CO,1.0,1.1123655,Train,0.1123654842376709,0.1123654842376709
OC[C@H]1O[C@H](O[C@H]2[C@H](O)[C@@H](O)[C@H](OCCCCCCC3CCCCC3)O[C@@H]2CO)[C@H](O)[C@@H](O)[C@@H]1O,-0.250263684,-0.36256287,Train,0.11229918101884462,0.44872343930989456
CCCCCCCCOCC(O)C(O)C(O)CO,0.813247301,0.7036868,Train,0.10956052722299192,0.1347198165776537
CCCCCCCCCCCOCCO,-0.519993057,-0.6271196,Train,0.10712654377285769,0.20601533487947646
CCCCCCCCCCCCC/C=C/[C@@H](O)[C@H](CO)NC(=O)CCCCC,-2.302770657,-2.1965916,Test,0.10617904132312006,0.04610925582204866
CCCCCCCC(=O)OC[C@H](O)[C@@H](O)[C@H](O)CO,0.643452676,0.74927974,Train,0.10582706147253418,0.16446751318279415
CCCCCCCCc1cccc(OCCO)c1,-1.30980392,-1.4154212,Train,0.1056173274822998,0.08063598365341569
CCCCCCCCCCCCN(CCCNC(=O)[C@H](O)[C@@H](O)[C@H](O)[C@@H](O)[C@@H](O)CO)CCN(CCCCCCCCCCCC)CCCNC(=O)[C@H](O)[C@@H](O)[C@H](O)[C@@H](O)[C@@H](O)CO,-2.283996656,-2.1793697,Train,0.10462696796594217,0.04580872204479365
CCCCCCCCCCCCC(O)CCO,-1.886056648,-1.7819054,Train,0.10415123532604986,0.055221689887466126
CCCCCCCOC[C@H](O)[C@@H](O)[C@H](O)CO,0.963787827,0.85973203,Train,0.1040557951777954,0.10796545905927425
CCCCCCCCC(O)CCO,0.36078269,0.2574661,Train,0.1033165823931122,0.2863679030529768
CCCCCCCCC=CCCCCCCCC(=O)OC1(OC2(CO)OC(CO)C(O)C2O)OC(CO)C(O)C(O)C1O,-2.292429824,-2.1894357,Train,0.10299410355627447,0.044927919920603195
CCCCC(=O)OCC(O)C(O)C(O)CO,2.089905111,1.9881961,Train,0.10170897643273946,0.04866679156742799
OCCOCCOCCOCCOCCOCCOCCOCCSCCC(F)(F)C(F)(F)C(F)(F)C(F)(F)C(F)(F)C(F)(F)F,0.681241237,0.5802602,Train,0.10098101981021124,0.1482309266169852
CCCCCCCCCCCCOCCOCCOCCOCCOCCO,-1.191789027,-1.0924324,Train,0.09935664727740479,0.08336764731548815
CCCCCCCCc1cccc(OCCOCCO)c1,-1.119758224,-1.2189314,Train,0.09917321253869638,0.08856663020024971
CCCCCCCCOCCOCCOCCOCCOCCOCCOCCOCCOCCO,1.11058971,1.0128312,Train,0.09775849890991206,0.08802395522817519
CCCCCCCC(=O)N(C)CC(O)C(O)C(O)C(O)CO,1.819858798,1.723078,Train,0.09678078553356939,0.053180381708696385
CCCCCCCCCCCCNCC(O)OCCOCCOCCOCCO,-0.469800302,-0.5657804,Test,0.0959800992298584,0.2042997818887277
CC(C)(C)CC(C)(C)c1ccc(OCCOCCOCCOCCOCCOCCOCCOCCOCCOCCO)cc1,-0.48148606,-0.57488936,Train,0.09340330185836793,0.19398962839831319
CCCCCCCCN(CCCNC(=O)[C@@H](O)[C@H](O)[C@@H](O)[C@@H](O)CO)CCN(CCCCCCCC)CCCNC(=O)[C@@H](O)[C@H](O)[C@@H](O)[C@@H](O)CO,-1.173925197,-1.0807005,Train,0.09322468029925535,0.07941279439055719
CCCCC(=O)OC[C@H](O)[C@@H](O)[C@H](O)CO,1.762678564,1.8556296,Test,0.092950999331604,0.052732813134501816
CCCCCCCCCCCCCCN(C)C(=O)C(O)C(O)C(O)C(O)CO,-1.609781681,-1.5171539,Test,0.0926278218615113,0.05754061122373482
CCCCCCCCc1ccc(OCCO)cc1,-1.305394801,-1.3979839,Train,0.09258910765325923,0.07092804995265124
CCCCCCCCCCCCCCCC(=O)OCC(O)C(O)C(OC1OC(CO)C(O)C(O)C1O)C(O)CO,-2.119758224,-2.0276897,Train,0.09206852864172355,0.04343350463242432
CC(C)(C)CC(C)(C)c1ccc(OCCOCCOCCOCCOCCOCCO)cc1,-0.677780705,-0.7696369,Test,0.09185622403518678,0.13552499113291633
CCCCCCCCc1ccc(OCCOCCOCCOCCOCCOCCOCCOCCO)cc1,-0.552841969,-0.64337265,Train,0.09053068591485591,0.16375508914167822
CCCCCCC(CCC)OC1OC(CO)C(O)C(O)C1O,1.079181246,1.1682802,Train,0.0890989978735961,0.08256166256024439
CCCCCCCCc1cccc(OCCOCCOCCOCCO)c1,-0.88941029,-0.97822773,Train,0.08881744456573482,0.09986104901679832
CCCCCCCCc1ccc(OCCOCCOCCOCCOCCOCCOCCOCCOCCOCCO)cc1,-0.48148606,-0.56900907,Test,0.08752300562805176,0.18177682159282402
CCCCCCCCc1ccc(OCCOCCOCCOCCOCCOCCOCCO)cc1,-0.602059991,-0.68797874,Test,0.08591875350683598,0.14270796065376812
CC(CCC(=O)N(CCCNC(=O)C(O)C(O)C(O)C(O)CO)CCCNC(=O)C(O)C(O)C(O)C(O)CO)C1CCC2C3C(O)CC4CC(O)CCC4(C)C3CC(O)C12C,0.462397998,0.37670973,Train,0.08568826856694028,0.18531280182346355
CCCCCCSC1OC(=O)C(O)C1O,0.826074803,0.740842,Train,0.08523281825115969,0.10317808743424375
CCCCCCCCc1ccc(OCCOCCO)cc1,-1.11577123,-1.2004913,Train,0.08472007916595459,0.07592961432242215
CCCCOCCO,2.989894564,2.9053428,Train,0.08455174669348153,0.02827917335665671
CC(C)(C)CC(C)(C)c1ccc(OCCOCCOCCOCCOCCOCCOCCOCCO)cc1,-0.552841969,-0.6373918,Train,0.08454983664880367,0.15293671861009464
CCCCCCCCCCCC(O)N(CCOCCOC)CCOCCOC,-0.400116928,-0.31560707,Train,0.08450985707714842,0.21121290093766895
CCCCCCCCCCCCCC(O)CCO,-1.88941029,-1.9738965,Train,0.08448621344848628,0.04471565223056252
CCCCCCCCc1ccc(OCCOCCOCCOCCOCCOCCO)cc1,-0.677780705,-0.7622349,Train,0.0844542212237549,0.12460405054427583
CCCCCCCCc1ccc(OCCOCCOCCOCCOCCOCCOCCOCCOCCO)cc1,-0.522878745,-0.60582423,Train,0.08294548710144045,0.15863235577005613
CC(C)(C)CC(C)(C)c1ccc(OCCOCCOCCOCCOCCOCCOCCOCCOCCO)cc1,-0.522878745,-0.60542864,Train,0.08254989107406618,0.1578757826043707
CCCCCCCC/C=C\CCCCCCCC(=O)OCC(O)COCC(O)COCC(O)COCC(O)COCC(O)COCC(O)CO,-1.562249437,-1.4799491,Train,0.08230032029315182,0.05268065287396984
CC(C)(C)CC(C)(C)c1ccc(OCCOCCOCCOCCOCCOCCOCCO)cc1,-0.602059991,-0.68432033,Train,0.08226033961981205,0.13663146671344262
CCCCCCCCCCCC(=O)OCC1OC(OCC2OC(OC3(CO)OC(CO)C(O)C3O)C(O)C(O)C2O)C(O)C(O)C1O,-0.022276395,0.059643198,Train,0.08191959280468941,3.6774169610787295
CCCCCCCCC=CCCCCCCCCN(C)C(=O)C(O)C(O)C(OC1OC(CO)C(O)C(O)C1O)C(O)CO,-1.26760624,-1.348989,Train,0.08138276985717763,0.06420193218453833
CCCCCCCCOCC#CCOCC1OC(O)C(O)C(O)C1O,-1.22184875,-1.1412318,Train,0.08061697471618645,0.0659795041867387
CCCCCCCC(=O)OCC(OCCOCCOCCOCCO)C1OCC(OCCOCCOCCOCCOCCOCCOCCO)C1OCCOCCOCCOCCO,-0.286509457,-0.36578557,Train,0.0792761119525604,0.27669631844843573
CCCCCCCCN(CCCNC(=O)[C@H](O)[C@@H](O)[C@H](OC1OC(CO)C(O)C(O)C1O)[C@H](O)CO)CCN(CCCCCCCC)CCCNC(=O)[C@H](O)[C@@H](O)[C@H](OC1OC(CO)C(O)C(O)C1O)[C@H](O)CO,-0.886056648,-0.80730057,Train,0.07875608037304682,0.08888379828853428
CCCCCCCCCCCCCCCCOCCOCCOCCOCCOCCOCCO,-2.779891912,-2.701783,Test,0.07810897018176277,0.028097844324302193
CCCCCCCCOCCO,0.69019608,0.76587546,Train,0.0756793787173462,0.10964909959695252
CCCCCCCOCC(O)C(O)C(O)CO,0.982271233,0.9066363,Test,0.07563493529721066,0.07700005126507727
CCCCCCCCCCCC(=O)OC[C@@H](O)[C@H]1OC[C@H](O)[C@H]1O,-1.440093375,-1.3650583,Train,0.07503507212066651,0.05210431033381187
CCCCCCCCCC(=O)N(C)CC(O)C(O)C(O)C(O)CO,0.813233062,0.8873563,Train,0.07412321928051757,0.09114634259731753
CCCCCCCCC=CCCCCCCCC(=O)NCCOC1OC(CO)C(OC2OC(CO)C(O)C(O)C2O)C(O)C1O,-1.045757491,-1.1198312,Train,0.07407371341436764,0.07083259173552278
CC(C)CCCC(C)CCCC(C)CCOC1O[C@@H](CO)[C@@H](O[C@H]2O[C@H](CO)[C@H](O)[C@H](O)[C@H]2O)[C@H](O)[C@H]1O,-1.707743929,-1.781593,Train,0.07384903612603755,0.04324362386653669
CCCCCCCCCOCC(O)C(O)C(O)CO,0.311753861,0.3855874,Train,0.07383353323751829,0.23683277891309992
CC(C)CCCC(C)CCCC(C)CCOC1OC(CO)C(O)C(O)C1O,-1.669586227,-1.7427459,Train,0.07315964931225594,0.043819030205893006
CCCCCCCCc1ccc(OCCOCCOCCOCCO)cc1,-0.886056648,-0.95787656,Train,0.07181991507220464,0.08105566978625575
CCCCCOCC(O)C(O)C(O)CO,1.589949602,1.5200444,Train,0.0699051560084838,0.04396690053606102
CCCCCCCCCCOC1O[C@H](CO)[C@@H](O[C@H]2O[C@H](CO)[C@@H](O)[C@H](O)[C@H]2O)[C@H](O)[C@H]1O,0.301029996,0.36995444,Test,0.06892444101744077,0.22896203678466903
CCCCCCCC(CC)O[C@@H]1O[C@H](CO)[C@@H](O)[C@H](O)[C@H]1O,0.899820502,0.96829057,Train,0.06847006539807132,0.07609302660462311
CCCCCCCCCCOCCOCCOCCOCCO,-0.168770306,-0.23646908,Train,0.0676987690837326,0.401129622196292
CCCCCCCCCCCOCCOCCOCCOCCOCCOCCOCCOCCO,-0.522878745,-0.59031516,Train,0.06743641813552859,0.12897142746838675
CCCCCCCCCCSC1OC(=O)C(O)C1O,-1.48148606,-1.5477058,Train,0.06621970953887946,0.04469816579906223
CCCCCCCCc1cccc(OCCOCCOCCOCCOCCO)c1,-0.821023053,-0.8869791,Train,0.0659560500883789,0.08033398069320583
CCCCCCCCCCCCCCCCCC(=O)OCC(O)COCC(O)COCC(O)COCC(O)CO,-1.649751982,-1.7147657,Train,0.06501368591534429,0.039408157483483044
CCCCCCCCCCCC(=O)OCC(O)COCC(O)COCC(O)COCC(O)COCC(O)COCC(O)COCC(O)COCC(O)COCC(O)COCC(O)CO,-1.549750892,-1.4848129,Train,0.06493803627948003,0.04190224158908245
CC(C)CCCC(C)CCOC1OC(CO)C(O)C(O)C1O,0.602059991,0.5372706,Test,0.06478938543588253,0.10761283992359248
CCCC(CCC)CCOCCOCCOCCOCCOCCOCCO,1.330413773,1.2674512,Train,0.06296260589337166,0.04732558183864476
CCCCCCCCc1cccc(OCCOCCOCCO)c1,-1.010105436,-1.0721008,Train,0.06199532255255136,0.061375100403430916
CC(C)CCCC(C)CCOC1O[C@H](CO)[C@@H](O)[C@H](O)[C@@H]1O,0.602059991,0.5415913,Train,0.06046870434075924,0.10043634396021382
CCCCCCCCCCCCCCCC(=O)OCC1OC(O)C(O)C(O)C1OC1OC(CO)C(O)C(O)C1O,-2.019996628,-1.9617223,Train,0.05827437324688711,0.02884874778458646
CCCCCCOCCOCCOCCO,2.0,1.9419926,Train,0.05800735950469971,0.029003679752349854
CCCCCCCCCCCCCCCCOCCOCCOCCOCCOCCOCCOCCOCCOCCOCCOCCOCCOCCOCCOCCOCCOCCOCCOCCOCCOCCO,-2.408935393,-2.4659665,Train,0.05703107008898911,0.02367480267619992
CCCCCCCCS(=O)CCCO,1.301029996,1.3579742,Train,0.05694417563848875,0.04376853401809557
OCCOCCOCCOCCOCCOCCSCCC(F)(F)C(F)(F)C(F)(F)C(F)(F)C(F)(F)C(F)(F)F,0.568201724,0.5114963,Train,0.05670541853430178,0.0997980402718767
CCCCCCCCCCCCOCCCCOCC1OC(O)C(O)C(O)C1O,-1.638272164,-1.6948675,Train,0.05659532772210696,0.03454574213354391
CCCCCCCC(=O)OCC1OC(O)C(O)C(O)C1OC1OC(CO)C(O)C(O)C1O,0.419955748,0.36586592,Train,0.054089831986282366,0.1287988847488816
CCCCCCCCCCCCNC(=O)C(O)C(O)C(OC1OC(CO)C(O)C(O)C1O)C(O)CO,-0.508638306,-0.5626738,Train,0.054035501144165,0.10623561085893715
CC(C)CCCC(C)CCOC1OC(CO)C(OC2OC(CO)C(OC3OC(CO)C(O)C(O)C3O)C(O)C2O)C(O)C1O,0.699404082,0.75319487,Test,0.053790786564605675,0.07690945470433452
CCCCCCCCC(C)O[C@@H]1O[C@H](CO)[C@@H](O)[C@H](O)[C@H]1O,0.699837726,0.7528944,Test,0.05305667555029292,0.07581282571539008
CCCCCCCCCCCOC[C@H](O)[C@@H](O)[C@H](O)CO,-0.522878745,-0.47029465,Train,0.05258409063064573,0.10056651017750919
CCCCOC[C@H](O)[C@@H](O)[C@H](O)CO,1.762678564,1.8136741,Test,0.05099552829278564,0.02893070202037451
CCCCCCCC(=O)OCC(OCCOCCOCCOCCOCCOCCO)C1OCC(OCCOCCOCCOCCOCCO)C1OCCOCCOCCOCCO,-0.286509457,-0.33740637,Train,0.050896910063522316,0.17764478211803778
CCCCCCCCCCCCN(C)CC(O)OCCOCCOCCOCCO,-0.530177984,-0.47935796,Train,0.050820026160034226,0.0958546520106618
CCCCCCCCCCCCC/C=C/[C@@H](O)[C@H](CO)NC(C)=O,-2.235077015,-2.2855895,Train,0.05051244155822765,0.022599866232451794
CC(C)(C)CC(C)(C)c1ccc(OCCOCCOCCOCCO)cc1,-0.886056648,-0.936401,Train,0.0503443615596314,0.05681844572044947
CCCCCCCCCCOC1OC(CO)C(O)C(O)C1O,0.321184027,0.2718585,Train,0.049325513644744856,0.15357399340641825
CCCCCCCCCCCCCCCCOCCOCCOCCOCCOCCOCCOCCOCCOCCO,-2.678815973,-2.629639,Train,0.04917706270642075,0.01835776074283575
CCCCCCCCCCCC(O)N(CCOCCOCCOC)CCOCCOCCOC,-0.289882635,-0.33902586,Train,0.04914322006439209,0.16952798867856328
CCCCCCCCCOC1O[C@H](CO)[C@@H](O)[C@H](O)[C@@H]1O,0.812913357,0.76404774,Test,0.04886561511004639,0.0601117138613413
CCCCCCCC(=O)OCC(O)C(O)C(OC1OC(CO)C(O)C(O)C1O)C(O)CO,0.439332694,0.39051133,Train,0.048821360057586694,0.11112617095049769
CCCCCCCCCCCCC(=O)NCCOCCOCCOCCOCCOCCOCCOCCOCCOCCO,-0.124938737,-0.07624581,Train,0.04869292988873672,0.38973444952254255
CCCCCCCC/C=C/CCCCCCCC(=O)OCC(OC(=O)CCCCCCC/C=C/CCCCCCCC)C1OCC(O)C1OC(=O)CCCCCCC/C=C/CCCCCCCC,-1.943095149,-1.8962191,Train,0.0468760146692504,0.024124405175616235
CC(C)(C)CC(C)(C)c1ccc(OCCOCCOCCOCCOCCO)cc1,-0.823908741,-0.87058586,Train,0.046677117821868896,0.056653262065426854
CCCCCCCCCCCCCCCCOCCOCCOCCOCCOCCOCCOCCOCCOCCOCCOCCOCCOCCOCCOCCO,-2.508638306,-2.5552046,Train,0.04656632389807136,0.01856239051548285
CCCCC(CCCC)CCOCCOCCOCCOCCOCCOCCOCCOCCOCCO,0.469822016,0.42353073,Train,0.04629128837510682,0.09852941496702193
CCCCCCCCCCCCOCCOCCOCCOCCOCCOCCOCCO,-1.088043811,-1.1320866,Test,0.04404282363592538,0.040478906447201306
CCCCCCCCCCON(CCOCCOCCOCCOC)CCOCCOCCOCCOC,0.810232518,0.76734006,Train,0.04289245395123287,0.052938450381021206
CCCCCCCCCCCC(=O)N(C)CC(O)C(O)C(OC1OC(CO)C(O)C(O)C1O)C(O)CO,-0.346787486,-0.30534023,Train,0.041447255535064675,0.11951773696662364
CC(CCC(=O)N(CCCNC(=O)C(O)C(O)C(O)C(O)CO)CCCNC(=O)C(O)C(O)C(O)C(O)CO)C1CCC2C3CCC4CC(O)CCC4(C)C3CC(O)C12C,0.146128036,0.18722427,Train,0.041096232913269054,0.28123441632561913
CCCCCCCCCCON(CCOCCOCCOC)CCOCCOCCOC,0.699837726,0.65969485,Train,0.04014287555520635,0.05736026233488068
CCCCCCCCCCCC(=O)OCC1OC(O)C(O)C(O)C1OC1OC(CO)C(O)C(O)C1O,-0.369572125,-0.40968046,Train,0.04010833092308047,0.10852639636466217
OCCOCCOCCSCCC(F)(F)C(F)(F)C(F)(F)C(F)(F)C(F)(F)C(F)(F)F,0.397940009,0.4376622,Test,0.03972220504075624,0.09981958119912553
CCCCCCS(=O)CCO,2.397940009,2.3582401,Train,0.039699881436523476,0.01655582762184251
CCCCCSCC(O)C(O)C(O)CO,1.662757832,1.6248242,Train,0.03793366570208745,0.022813704420480786
CCCCCCS(=O)CCCO,2.397940009,2.360305,Train,0.037634938122924844,0.015694695439282293
CCCCCCCCCOC1OC(CO)C(O)C(O)C1O,0.838849091,0.80327505,Test,0.03557404226724248,0.0424081549934498
CCCCCCCCOC(CO)CO,0.763427994,0.7278547,Test,0.035573265301269585,0.046596752517395354
CCCCCCCCC=CCCCCCCCCN(C)C(=O)C(O)C(O)C(O)C(O)CO,-1.494850022,-1.5299093,Test,0.03505923112042231,0.02345334354915125
CC(C)CCCC(C)CCCC(C)CCOC1OC[C@H](O)[C@H](O)[C@H]1O,-2.22184875,-2.1890113,Train,0.03283741462707512,0.014779320431723862
CCCCCCCCc1ccc(OCCOCCOCCOCCOCCO)cc1,-0.823908741,-0.8567143,Train,0.03280556726187134,0.03981699140860473
CCCCCCCCCCCCCOCCOCCOCCOCCOCCOCCOCCOCCO,-1.569441231,-1.6016539,Test,0.032212702525085346,0.020524949828519795
CCCCCCCCCCCCCCOCCOCCOCCOCCOCCOCCOCCOCCO,-2.04793441,-2.0165997,Train,0.031334754848632684,0.015300663290594686
CCCCCCCCCCCCCCCCOCCOCCOCCOCCOCCOCCOCCOCCOCCOCCOCCOCCO,-2.63921731,-2.6079276,Train,0.0312897491937254,0.011855692623403339
CCCCCCCCCCCCCCCCCCN(C)C(=O)C(O)C(O)C(OC1OC(CO)C(O)C(O)C1O)C(O)CO,-2.490644359,-2.5218332,Train,0.031188822381225556,0.012522390950166787
CCCCCCCCCCCCC(=O)NCCOCCOCCOCCOCCOCCOCCO,-0.187086643,-0.1566914,Train,0.03039524080311584,0.16246611899020413
CCCCCCCCCCCCC(=O)NCCOCCOCCOCCO,-0.292429824,-0.32256287,Train,0.030133049363494868,0.10304369421463273
CCCCCCCCOCCOCCOCCOCCOCCOCCO,0.997823081,1.0263094,Train,0.028486289994567926,0.028548437630866876
CCCCCCCCCCS(=O)CCO,0.204119983,0.17575638,Train,0.028363603038032537,0.1389555428193061
CCCCCCCCS(=O)CCCCO,1.301029996,1.3293716,Test,0.028341575540832498,0.021783952428436167
CCCCCCCCCCCC(=O)N(CCO)CCO,-0.578396073,-0.552021,Train,0.02637504638867183,0.04560032064510893
CC(C)(C)CC(C)(C)c1ccc(OCCOCCOCCO)cc1,-1.013228266,-0.98721445,Train,0.026013819932189985,0.025674194853334248
CCCCCCCCCCCCOCCOCCOCCOCCOCCOCCO,-1.060231224,-1.0858599,Train,0.025628670752502414,0.02417271833950668
CCCCCCCCCCCCCC(=O)N(C)CC(O)C(O)C(OC1OC(CO)C(O)C(O)C1O)C(O)CO,-1.167491087,-1.1418719,Train,0.025619157831298756,0.0219437716626429
CCCCCCCCCOC[C@H](O)[C@@H](O)[C@H](O)CO,0.322219295,0.29719794,Train,0.02502135703460695,0.07765319278787122
CCCCCCOCCOCCOCCOCCOCCO,2.053078443,2.029683,Train,0.023395329901855444,0.011395244045166493
CCCCCCCCCC(=O)OCC(O)C(O)C(O)CO,0.278753601,0.3015881,Train,0.022834487274002058,0.08191638490798207
CCCCCCCCCCCCCCOCCOCCOCCOCCOCCOCCO,-2.0,-1.9775838,Train,0.022416234016418457,0.011208117008209229
CCCCCCCCCCOCCOCCOCCOCCOCCOCCO,-0.04793441,-0.06927154,Train,0.02133713213190079,0.44513184019373125
CCCCCCCC/C=C\CCCCCCCCN(C)C(=O)C(O)C(O)C(O)C(O)CO,-1.499999995,-1.4791402,Train,0.020859832532043487,0.013906555067717508
CCCCCCCCSC1O[C@H](CO)[C@@H](O)[C@H](O)[C@H]1O,0.92890769,0.9083332,Train,0.02057450766510005,0.022149141283457404
CCCCCCCCCCNC(=O)C(O)C(O)C(OC1OC(CO)C(O)C(O)C1O)C(O)CO,0.107027631,0.087322526,Train,0.019705105319934843,0.18411231880798
CCCCCCCCCCCCOC1OC(CO)C(OC2OC(CO)C(O)C(O)C2O)C(O)C1O,-0.688246139,-0.66940415,Train,0.018841989944519022,0.02737681895592737
CC(C)CCCC(C)CCOC1O[C@H](CO)[C@@H](O[C@H]2O[C@H](CO)[C@@H](OC3O[C@H](CO)[C@@H](O)[C@H](O)[C@H]3O)[C@H](O)[C@H]2O)[C@H](O)[C@H]1O,0.698970004,0.7176671,Train,0.018697098813720725,0.02674950098963149
CCCCCCCCS(=O)CCO,1.361727836,1.3436123,Train,0.018115522729431177,0.013303335843265509
CCCCCCCC(CCCCCC)SCCC(=O)OCC1(O)C(O)C(O)C(O)C1O,-2.200659451,-2.2174764,Train,0.01681691695043952,0.007641762537496548
CCCCCCOCCOCCOCCOCCO,2.025305865,2.0093122,Train,0.015993712137451155,0.00789693666218221
CCCCCCCCCCCCOCCOCCOCCOCCO,-1.191789027,-1.1761264,Train,0.01566266610675049,0.013142146598024089
CCCCCCCC/C=C\CCCCCCCCN(C)C(=O)C(O)C(O)C(OC1OC(CO)C(O)C(O)C1O)C(O)CO,-1.300000003,-1.3145975,Train,0.014597484449645926,0.011228834166122633
CCCCCCCCCCOCCOCCOCCOCCOCCOCCOCCOCCO,0.0,-0.013045882,Train,0.013045881874859333,inf
CCCCCCSC[C@H](O)[C@@H](O)[C@H](O)CO,1.204119983,1.1928569,Test,0.011263075155456548,0.00935378144576191
CCCCCCCCC(=O)N(C)CC(O)C(O)C(O)C(O)CO,1.311251729,1.3007746,Test,0.010477154720214932,0.007990193254658374
CCCCCCS(=O)CCCCCO,2.255272505,2.244975,Train,0.010297414973144736,0.004565929372310924
CCCCCCCCOCCOCCOCCOCCOCCO,0.959041392,0.96917486,Train,0.010133469907958936,0.01056624874847835
CCCCCCCC/C=C\CCCCCCCC(=O)OCC(O)COCC(O)COCC(O)COCC(O)CO,-1.484126156,-1.4925226,Train,0.008396441312927161,0.005657498373020494
CCCCCCS(=O)CCCCO,2.322219295,2.329474,Train,0.007254677320556624,0.0031240276644745662
CCCCCCCCC=CCCCCCCCCOC1OC(CO)C(OC2OC(CO)C(O)C(O)C2O)C(O)C1O,-1.698970004,-1.692547,Train,0.006423040308288552,0.003780549564245604
CCCCCCCCOC1OC(CO)C(O)C(O)C1N,1.381115081,1.3748754,Train,0.006239654707580478,0.0045178383709072525
OCCOCCOCCOCCSCCC(F)(F)C(F)(F)C(F)(F)C(F)(F)C(F)(F)C(F)(F)F,0.447158031,0.44112626,Train,0.006031773818832409,0.013489132254525936
CCCCCCCCSC1OC(CO)C(O)C(O)C1O,0.929418926,0.9341142,Train,0.004695291758178732,0.005051857269989284
CCCCCCCCCCCCNC1C(CO)OC(OC(C(O)CO)C(O)C(O)CO)C(O)C1O,-0.219682688,-0.21587002,Train,0.0038126652262573113,0.017355328546677797
CCCCCCCCOCCOCCOCCOCCO,0.903089987,0.89945227,Train,0.0036377179226989576,0.004028079122860386
CCCCCCCCCCOC[C@H](O)[C@@H](O)[C@H](O)CO,-0.092051478,-0.08902904,Train,0.0030224415376930297,0.03283425321745545
CCCCCCCCCCCC(O)N(CCO)CCO,-0.590066877,-0.5875508,Train,0.002516058079864547,0.004264021889614636
CCCCCCCCCCSCC(O)C(O)C(O)CO,-0.397940009,-0.4004189,Test,0.0024788984039459394,0.006229326903256766
CCCCCCCCCCCCNC(C)C(O)OCCOCCOCCOCCO,-0.410050399,-0.41190273,Train,0.0018523266965637109,0.004517314703463344
CCCCCCCCCCCCOCCOCCOCCO,-1.281913705,-1.283291,Train,0.0013772772463989114,0.0010743915452553114
CCCCCCCCNC(=O)C(O)C(O)C(OC1OC(CO)C(O)C(O)C1O)C(O)CO,0.755874856,0.7572038,Train,0.0013289613675536716,0.0017581764454851392
CCCCCC(CCCC)O[C@@H]1O[C@H](CO)[C@@H](O)[C@H](O)[C@H]1O,1.198657087,1.1974211,Test,0.0012360130864257357,0.0010311648759523295
CCCCCCC(CCC)O[C@@H]1O[C@H](CO)[C@@H](O)[C@H](O)[C@H]1O,1.100370545,1.1013681,Train,0.000997524648742587,0.0009065352151375398
CCCC(=O)OC[C@H](O)[C@@H](O)[C@H](O)CO,2.079181246,2.07901,Train,0.00017123623437509394,8.235753121788881e-05
